3.40364, 3.09942, 0.910951, 3.48284, -0.910951, -3.48284, 1.58174, -3.86626
3.40364, 3.09942, 0.910951, 3.48284, -0.910951, -3.48284, 1.58174, -3.86626
3.40364, 3.09942, 0.910951, 3.48284, -0.910951, -3.48284, 1.58174, -3.86626
3.40364, 3.09942, 0.910951, 3.48284, -0.910951, -3.48284, 1.58174, -3.86626
3.40364, 3.09942, 0.910951, 3.48284, -0.910951, -3.48284, 1.58174, -3.86626
3.40364, 3.09942, 0.910951, 3.48284, -0.910951, -3.48284, 1.58174, -3.86626
3.40364, 3.09942, 0.910951, 3.48284, -0.910951, -3.48284, 1.58174, -3.86626
3.40364, 3.09942, 0.910951, 3.48284, -0.910951, -3.48284, 1.58174, -3.86626
3.40364, 3.09942, 0.910951, 3.48284, -0.910951, -3.48284, 1.58174, -3.86626
3.40364, 3.09942, 0.910951, 3.48284, -0.910951, -3.48284, 1.58174, -3.86626
3.40364, 3.09942, 0.910951, 3.48284, -0.910951, -3.48284, 1.58174, -3.86626
3.40364, 3.09942, 0.910951, 3.48284, -0.910951, -3.48284, 1.58174, -3.86626
3.40364, 3.09942, 0.910951, 3.48284, -0.910951, -3.48284, 1.58174, -3.86626
3.40364, 3.09942, 0.910951, 3.48284, -0.910951, -3.48284, 1.58174, -3.86626
3.40364, 3.09942, 0.910951, 3.48284, -0.910951, -3.48284, 1.58174, -3.86626
3.40364, 3.09942, 0.910951, 3.48284, -0.910951, -3.48284, 1.58174, -3.86626
3.40364, 3.09942, 0.910951, 3.48284, -0.910951, -3.48284, 1.58174, -3.86626
3.40364, 3.09942, 0.910951, 3.48284, -0.910951, -3.48284, 1.58174, -3.86626
3.40364, 3.09942, 0.910951, 3.48284, -0.910951, -3.48284, 1.58174, -3.86626
3.40364, 3.09942, 0.910951, 3.48284, -0.910951, -3.48284, 1.58174, -3.86626
3.40364, 3.09942, 0.910951, 3.48284, -0.910951, -3.48284, 1.58174, -3.86626
3.40364, 3.09942, 0.910951, 3.48284, -0.910951, -3.48284, 1.58174, -3.86626
3.40364, 3.09942, 0.910951, 3.48284, -0.910951, -3.48284, 1.58174, -3.86626
3.40364, 3.09942, 0.910951, 3.48284, -0.910951, -3.48284, 1.58174, -3.86626
3.40364, 3.09942, 0.910951, 3.48284, -0.910951, -3.48284, 1.58174, -3.86626
3.40364, 3.09942, 0.910951, 3.48284, -0.910951, -3.48284, 1.58174, -3.86626
3.40364, 3.09942, 0.910951, 3.48284, -0.910951, -3.48284, 1.58174, -3.86626
3.40364, 3.09942, 0.910951, 3.48284, -0.910951, -3.48284, 1.58174, -3.86626
3.40364, 3.09942, 0.910951, 3.48284, -0.910951, -3.48284, 1.58174, -3.86626
0.035, 3.6, 0.385003, 3.59739, 0.385003, -3.60261, 0.035, -3.6
0.035, 3.6, 0.385003, 3.59739, 0.385003, -3.60261, 0.035, -3.6
0.035, 3.6, 0.385003, 3.59739, 0.385003, -3.60261, 0.035, -3.6
0.035, 3.6, 0.385003, 3.59739, 0.385003, -3.60261, 0.035, -3.6
0.035, 3.6, 0.385003, 3.59739, 0.385003, -3.60261, 0.035, -3.6
0.035, 3.6, 0.385003, 3.59739, 0.385003, -3.60261, 0.035, -3.6
0.035, 3.6, 0.385003, 3.59739, 0.385003, -3.60261, 0.035, -3.6
0.035, 3.6, 0.385003, 3.59739, 0.385003, -3.60261, 0.035, -3.6
0.035, 3.6, 0.385003, 3.59739, 0.385003, -3.60261, 0.035, -3.6
0.035, 3.6, 0.385003, 3.59739, 0.385003, -3.60261, 0.035, -3.6
0.035, 3.6, 0.385003, 3.59739, 0.385003, -3.60261, 0.035, -3.6
0.035, 3.6, 0.385003, 3.59739, 0.385003, -3.60261, 0.035, -3.6
0.035, 3.6, 0.385003, 3.59739, 0.385003, -3.60261, 0.035, -3.6
0.035, 3.6, 0.385003, 3.59739, 0.385003, -3.60261, 0.035, -3.6
0.035, 3.6, 0.385003, 3.59739, 0.385003, -3.60261, 0.035, -3.6
0.035, 3.6, 0.385003, 3.59739, 0.385003, -3.60261, 0.035, -3.6
0.035, 3.6, 0.385003, 3.59739, 0.385003, -3.60261, 0.035, -3.6
0.035, 3.6, 0.385003, 3.59739, 0.385003, -3.60261, 0.035, -3.6
0.035, 3.6, 0.385003, 3.59739, 0.385003, -3.60261, 0.035, -3.6
0.035, 3.6, 0.385003, 3.59739, 0.385003, -3.60261, 0.035, -3.6
0.035, 3.6, 0.385003, 3.59739, 0.385003, -3.60261, 0.035, -3.6
0.035, 3.6, 0.385003, 3.59739, 0.385003, -3.60261, 0.035, -3.6
0.035, 3.6, 0.385003, 3.59739, 0.385003, -3.60261, 0.035, -3.6
0.035, 3.6, 0.385003, 3.59739, 0.385003, -3.60261, 0.035, -3.6
0.035, 3.6, 0.385003, 3.59739, 0.385003, -3.60261, 0.035, -3.6
0.07, 3.6, 0.420005, 3.59663, 0.420005, -3.60337, 0.07, -3.6
0.07, 3.6, 0.420005, 3.59663, 0.420005, -3.60337, 0.07, -3.6
0.07, 3.6, 0.420005, 3.59663, 0.420005, -3.60337, 0.07, -3.6
0.07, 3.6, 0.420005, 3.59663, 0.420005, -3.60337, 0.07, -3.6
0.07, 3.6, 0.420005, 3.59663, 0.420005, -3.60337, 0.07, -3.6
0.105123, 3.59998, 0.455131, 3.59576, 0.454884, -3.60424, 0.104877, -3.60002
0.105123, 3.59998, 0.455131, 3.59576, 0.454884, -3.60424, 0.104877, -3.60002
0.105123, 3.59998, 0.455131, 3.59576, 0.454884, -3.60424, 0.104877, -3.60002
0.105123, 3.59998, 0.455131, 3.59576, 0.454884, -3.60424, 0.104877, -3.60002
0.105123, 3.59998, 0.455131, 3.59576, 0.454884, -3.60424, 0.104877, -3.60002
0.105123, 3.59998, 0.455131, 3.59576, 0.454884, -3.60424, 0.104877, -3.60002
0.140457, 3.59992, 0.490468, 3.59477, 0.489555, -3.60523, 0.139543, -3.60008
0.140457, 3.59992, 0.490468, 3.59477, 0.489555, -3.60523, 0.139543, -3.60008
0.140457, 3.59992, 0.490468, 3.59477, 0.489555, -3.60523, 0.139543, -3.60008
0.140457, 3.59992, 0.490468, 3.59477, 0.489555, -3.60523, 0.139543, -3.60008
0.176062, 3.5998, 0.526078, 3.59365, 0.523955, -3.60635, 0.173938, -3.6002
0.176062, 3.5998, 0.526078, 3.59365, 0.523955, -3.60635, 0.173938, -3.6002
0.176062, 3.5998, 0.526078, 3.59365, 0.523955, -3.60635, 0.173938, -3.6002
0.176062, 3.5998, 0.526078, 3.59365, 0.523955, -3.60635, 0.173938, -3.6002
0.176062, 3.5998, 0.526078, 3.59365, 0.523955, -3.60635, 0.173938, -3.6002
0.176062, 3.5998, 0.526078, 3.59365, 0.523955, -3.60635, 0.173938, -3.6002
0.211983, 3.59962, 0.562006, 3.59241, 0.55804, -3.60759, 0.208017, -3.60038
0.211983, 3.59962, 0.562006, 3.59241, 0.55804, -3.60759, 0.208017, -3.60038
0.211983, 3.59962, 0.562006, 3.59241, 0.55804, -3.60759, 0.208017, -3.60038
0.211983, 3.59962, 0.562006, 3.59241, 0.55804, -3.60759, 0.208017, -3.60038
0.211983, 3.59962, 0.562006, 3.59241, 0.55804, -3.60759, 0.208017, -3.60038
0.211983, 3.59962, 0.562006, 3.59241, 0.55804, -3.60759, 0.208017, -3.60038
0.248253, 3.59936, 0.598284, 3.59103, 0.591779, -3.60897, 0.241748, -3.60064
0.248253, 3.59936, 0.598284, 3.59103, 0.591779, -3.60897, 0.241748, -3.60064
0.248253, 3.59936, 0.598284, 3.59103, 0.591779, -3.60897, 0.241748, -3.60064
0.248253, 3.59936, 0.598284, 3.59103, 0.591779, -3.60897, 0.241748, -3.60064
0.248253, 3.59936, 0.598284, 3.59103, 0.591779, -3.60897, 0.241748, -3.60064
0.284893, 3.59901, 0.634934, 3.58951, 0.625149, -3.61049, 0.275108, -3.60098
0.284893, 3.59901, 0.634934, 3.58951, 0.625149, -3.61049, 0.275108, -3.60098
0.284893, 3.59901, 0.634934, 3.58951, 0.625149, -3.61049, 0.275108, -3.60098
0.284893, 3.59901, 0.634934, 3.58951, 0.625149, -3.61049, 0.275108, -3.60098
0.284893, 3.59901, 0.634934, 3.58951, 0.625149, -3.61049, 0.275108, -3.60098
0.284893, 3.59901, 0.634934, 3.58951, 0.625149, -3.61049, 0.275108, -3.60098
0.32192, 3.59857, 0.671973, 3.58784, 0.658134, -3.61214, 0.308081, -3.60142
0.32192, 3.59857, 0.671973, 3.58784, 0.658134, -3.61214, 0.308081, -3.60142
0.32192, 3.59857, 0.671973, 3.58784, 0.658134, -3.61214, 0.308081, -3.60142
0.32192, 3.59857, 0.671973, 3.58784, 0.658134, -3.61214, 0.308081, -3.60142
0.32192, 3.59857, 0.671973, 3.58784, 0.658134, -3.61214, 0.308081, -3.60142
0.32192, 3.59857, 0.671973, 3.58784, 0.658134, -3.61214, 0.308081, -3.60142
0.359347, 3.59802, 0.709414, 3.58603, 0.690723, -3.61394, 0.340656, -3.60196
0.359347, 3.59802, 0.709414, 3.58603, 0.690723, -3.61394, 0.340656, -3.60196
0.359347, 3.59802, 0.709414, 3.58603, 0.690723, -3.61394, 0.340656, -3.60196
0.359347, 3.59802, 0.709414, 3.58603, 0.690723, -3.61394, 0.340656, -3.60196
0.359347, 3.59802, 0.709414, 3.58603, 0.690723, -3.61394, 0.340656, -3.60196
0.359347, 3.59802, 0.709414, 3.58603, 0.690723, -3.61394, 0.340656, -3.60196
0.397182, 3.59737, 0.747265, 3.58407, 0.722908, -3.61589, 0.372824, -3.60259
0.397182, 3.59737, 0.747265, 3.58407, 0.722908, -3.61589, 0.372824, -3.60259
0.397182, 3.59737, 0.747265, 3.58407, 0.722908, -3.61589, 0.372824, -3.60259
0.397182, 3.59737, 0.747265, 3.58407, 0.722908, -3.61589, 0.372824, -3.60259
0.397182, 3.59737, 0.747265, 3.58407, 0.722908, -3.61589, 0.372824, -3.60259
0.397182, 3.59737, 0.747265, 3.58407, 0.722908, -3.61589, 0.372824, -3.60259
0.43543, 3.5966, 0.785533, 3.58194, 0.754682, -3.61799, 0.40458, -3.60334
0.43543, 3.5966, 0.785533, 3.58194, 0.754682, -3.61799, 0.40458, -3.60334
0.43543, 3.5966, 0.785533, 3.58194, 0.754682, -3.61799, 0.40458, -3.60334
0.43543, 3.5966, 0.785533, 3.58194, 0.754682, -3.61799, 0.40458, -3.60334
0.43543, 3.5966, 0.785533, 3.58194, 0.754682, -3.61799, 0.40458, -3.60334
0.43543, 3.5966, 0.785533, 3.58194, 0.754682, -3.61799, 0.40458, -3.60334
0.43543, 3.5966, 0.785533, 3.58194, 0.754682, -3.61799, 0.40458, -3.60334
0.474097, 3.59571, 0.824221, 3.57965, 0.786043, -3.62025, 0.435919, -3.60419
0.474097, 3.59571, 0.824221, 3.57965, 0.786043, -3.62025, 0.435919, -3.60419
0.474097, 3.59571, 0.824221, 3.57965, 0.786043, -3.62025, 0.435919, -3.60419
0.474097, 3.59571, 0.824221, 3.57965, 0.786043, -3.62025, 0.435919, -3.60419
0.474097, 3.59571, 0.824221, 3.57965, 0.786043, -3.62025, 0.435919, -3.60419
0.474097, 3.59571, 0.824221, 3.57965, 0.786043, -3.62025, 0.435919, -3.60419
0.513185, 3.59469, 0.863334, 3.57719, 0.816987, -3.62266, 0.466838, -3.60516
0.513185, 3.59469, 0.863334, 3.57719, 0.816987, -3.62266, 0.466838, -3.60516
0.513185, 3.59469, 0.863334, 3.57719, 0.816987, -3.62266, 0.466838, -3.60516
0.513185, 3.59469, 0.863334, 3.57719, 0.816987, -3.62266, 0.466838, -3.60516
0.513185, 3.59469, 0.863334, 3.57719, 0.816987, -3.62266, 0.466838, -3.60516
0.513185, 3.59469, 0.863334, 3.57719, 0.816987, -3.62266, 0.466838, -3.60516
0.513185, 3.59469, 0.863334, 3.57719, 0.816987, -3.62266, 0.466838, -3.60516
0.552697, 3.59355, 0.902873, 3.57456, 0.847512, -3.62523, 0.497336, -3.60624
0.552697, 3.59355, 0.902873, 3.57456, 0.847512, -3.62523, 0.497336, -3.60624
0.552697, 3.59355, 0.902873, 3.57456, 0.847512, -3.62523, 0.497336, -3.60624
0.552697, 3.59355, 0.902873, 3.57456, 0.847512, -3.62523, 0.497336, -3.60624
0.552697, 3.59355, 0.902873, 3.57456, 0.847512, -3.62523, 0.497336, -3.60624
0.552697, 3.59355, 0.902873, 3.57456, 0.847512, -3.62523, 0.497336, -3.60624
0.552697, 3.59355, 0.902873, 3.57456, 0.847512, -3.62523, 0.497336, -3.60624
0.592635, 3.59226, 0.942841, 3.57175, 0.877617, -3.62796, 0.527411, -3.60745
0.592635, 3.59226, 0.942841, 3.57175, 0.877617, -3.62796, 0.527411, -3.60745
0.592635, 3.59226, 0.942841, 3.57175, 0.877617, -3.62796, 0.527411, -3.60745
0.592635, 3.59226, 0.942841, 3.57175, 0.877617, -3.62796, 0.527411, -3.60745
0.592635, 3.59226, 0.942841, 3.57175, 0.877617, -3.62796, 0.527411, -3.60745
0.592635, 3.59226, 0.942841, 3.57175, 0.877617, -3.62796, 0.527411, -3.60745
0.633001, 3.59083, 0.98324, 3.56875, 0.907301, -3.63085, 0.557062, -3.60877
0.633001, 3.59083, 0.98324, 3.56875, 0.907301, -3.63085, 0.557062, -3.60877
0.633001, 3.59083, 0.98324, 3.56875, 0.907301, -3.63085, 0.557062, -3.60877
0.633001, 3.59083, 0.98324, 3.56875, 0.907301, -3.63085, 0.557062, -3.60877
0.633001, 3.59083, 0.98324, 3.56875, 0.907301, -3.63085, 0.557062, -3.60877
0.633001, 3.59083, 0.98324, 3.56875, 0.907301, -3.63085, 0.557062, -3.60877
0.633001, 3.59083, 0.98324, 3.56875, 0.907301, -3.63085, 0.557062, -3.60877
0.673794, 3.58924, 1.02407, 3.56555, 0.936564, -3.63392, 0.586289, -3.61022
0.673794, 3.58924, 1.02407, 3.56555, 0.936564, -3.63392, 0.586289, -3.61022
0.673794, 3.58924, 1.02407, 3.56555, 0.936564, -3.63392, 0.586289, -3.61022
0.673794, 3.58924, 1.02407, 3.56555, 0.936564, -3.63392, 0.586289, -3.61022
0.673794, 3.58924, 1.02407, 3.56555, 0.936564, -3.63392, 0.586289, -3.61022
0.673794, 3.58924, 1.02407, 3.56555, 0.936564, -3.63392, 0.586289, -3.61022
0.715016, 3.5875, 1.06533, 3.56216, 0.965406, -3.63715, 0.615091, -3.6118
0.715016, 3.5875, 1.06533, 3.56216, 0.965406, -3.63715, 0.615091, -3.6118
0.715016, 3.5875, 1.06533, 3.56216, 0.965406, -3.63715, 0.615091, -3.6118
0.715016, 3.5875, 1.06533, 3.56216, 0.965406, -3.63715, 0.615091, -3.6118
0.756669, 3.5856, 1.10703, 3.55856, 0.993826, -3.64055, 0.643469, -3.61351
0.756669, 3.5856, 1.10703, 3.55856, 0.993826, -3.64055, 0.643469, -3.61351
0.756669, 3.5856, 1.10703, 3.55856, 0.993826, -3.64055, 0.643469, -3.61351
0.756669, 3.5856, 1.10703, 3.55856, 0.993826, -3.64055, 0.643469, -3.61351
0.756669, 3.5856, 1.10703, 3.55856, 0.993826, -3.64055, 0.643469, -3.61351
0.756669, 3.5856, 1.10703, 3.55856, 0.993826, -3.64055, 0.643469, -3.61351
0.798751, 3.58352, 1.14915, 3.55475, 1.02183, -3.64413, 0.671422, -3.61535
0.798751, 3.58352, 1.14915, 3.55475, 1.02183, -3.64413, 0.671422, -3.61535
0.798751, 3.58352, 1.14915, 3.55475, 1.02183, -3.64413, 0.671422, -3.61535
0.798751, 3.58352, 1.14915, 3.55475, 1.02183, -3.64413, 0.671422, -3.61535
0.798751, 3.58352, 1.14915, 3.55475, 1.02183, -3.64413, 0.671422, -3.61535
0.798751, 3.58352, 1.14915, 3.55475, 1.02183, -3.64413, 0.671422, -3.61535
0.798751, 3.58352, 1.14915, 3.55475, 1.02183, -3.64413, 0.671422, -3.61535
0.841264, 3.58127, 1.19172, 3.55072, 1.0494, -3.64788, 0.698951, -3.61732
0.841264, 3.58127, 1.19172, 3.55072, 1.0494, -3.64788, 0.698951, -3.61732
0.841264, 3.58127, 1.19172, 3.55072, 1.0494, -3.64788, 0.698951, -3.61732
0.841264, 3.58127, 1.19172, 3.55072, 1.0494, -3.64788, 0.698951, -3.61732
0.841264, 3.58127, 1.19172, 3.55072, 1.0494, -3.64788, 0.698951, -3.61732
0.841264, 3.58127, 1.19172, 3.55072, 1.0494, -3.64788, 0.698951, -3.61732
0.841264, 3.58127, 1.19172, 3.55072, 1.0494, -3.64788, 0.698951, -3.61732
0.841264, 3.58127, 1.19172, 3.55072, 1.0494, -3.64788, 0.698951, -3.61732
0.884208, 3.57883, 1.23471, 3.54646, 1.07656, -3.6518, 0.726056, -3.61943
0.884208, 3.57883, 1.23471, 3.54646, 1.07656, -3.6518, 0.726056, -3.61943
0.884208, 3.57883, 1.23471, 3.54646, 1.07656, -3.6518, 0.726056, -3.61943
0.884208, 3.57883, 1.23471, 3.54646, 1.07656, -3.6518, 0.726056, -3.61943
0.884208, 3.57883, 1.23471, 3.54646, 1.07656, -3.6518, 0.726056, -3.61943
0.884208, 3.57883, 1.23471, 3.54646, 1.07656, -3.6518, 0.726056, -3.61943
0.884208, 3.57883, 1.23471, 3.54646, 1.07656, -3.6518, 0.726056, -3.61943
0.884208, 3.57883, 1.23471, 3.54646, 1.07656, -3.6518, 0.726056, -3.61943
0.927583, 3.57621, 1.27814, 3.54198, 1.1033, -3.6559, 0.752737, -3.62167
0.927583, 3.57621, 1.27814, 3.54198, 1.1033, -3.6559, 0.752737, -3.62167
0.927583, 3.57621, 1.27814, 3.54198, 1.1033, -3.6559, 0.752737, -3.62167
0.927583, 3.57621, 1.27814, 3.54198, 1.1033, -3.6559, 0.752737, -3.62167
0.927583, 3.57621, 1.27814, 3.54198, 1.1033, -3.6559, 0.752737, -3.62167
0.927583, 3.57621, 1.27814, 3.54198, 1.1033, -3.6559, 0.752737, -3.62167
0.927583, 3.57621, 1.27814, 3.54198, 1.1033, -3.6559, 0.752737, -3.62167
0.97139, 3.57338, 1.32201, 3.53725, 1.12961, -3.66018, 0.778994, -3.62405
0.97139, 3.57338, 1.32201, 3.53725, 1.12961, -3.66018, 0.778994, -3.62405
0.97139, 3.57338, 1.32201, 3.53725, 1.12961, -3.66018, 0.778994, -3.62405
0.97139, 3.57338, 1.32201, 3.53725, 1.12961, -3.66018, 0.778994, -3.62405
0.97139, 3.57338, 1.32201, 3.53725, 1.12961, -3.66018, 0.778994, -3.62405
0.97139, 3.57338, 1.32201, 3.53725, 1.12961, -3.66018, 0.778994, -3.62405
0.97139, 3.57338, 1.32201, 3.53725, 1.12961, -3.66018, 0.778994, -3.62405
1.01563, 3.57035, 1.36631, 3.53228, 1.15551, -3.66464, 0.804829, -3.62656
1.01563, 3.57035, 1.36631, 3.53228, 1.15551, -3.66464, 0.804829, -3.62656
1.01563, 3.57035, 1.36631, 3.53228, 1.15551, -3.66464, 0.804829, -3.62656
1.01563, 3.57035, 1.36631, 3.53228, 1.15551, -3.66464, 0.804829, -3.62656
1.01563, 3.57035, 1.36631, 3.53228, 1.15551, -3.66464, 0.804829, -3.62656
1.01563, 3.57035, 1.36631, 3.53228, 1.15551, -3.66464, 0.804829, -3.62656
1.01563, 3.57035, 1.36631, 3.53228, 1.15551, -3.66464, 0.804829, -3.62656
1.01563, 3.57035, 1.36631, 3.53228, 1.15551, -3.66464, 0.804829, -3.62656
1.0603, 3.56711, 1.41104, 3.52705, 1.18098, -3.66927, 0.83024, -3.62922
1.0603, 3.56711, 1.41104, 3.52705, 1.18098, -3.66927, 0.83024, -3.62922
1.0603, 3.56711, 1.41104, 3.52705, 1.18098, -3.66927, 0.83024, -3.62922
1.0603, 3.56711, 1.41104, 3.52705, 1.18098, -3.66927, 0.83024, -3.62922
1.0603, 3.56711, 1.41104, 3.52705, 1.18098, -3.66927, 0.83024, -3.62922
1.0603, 3.56711, 1.41104, 3.52705, 1.18098, -3.66927, 0.83024, -3.62922
1.0603, 3.56711, 1.41104, 3.52705, 1.18098, -3.66927, 0.83024, -3.62922
1.0603, 3.56711, 1.41104, 3.52705, 1.18098, -3.66927, 0.83024, -3.62922
1.1054, 3.56364, 1.45621, 3.52156, 1.20604, -3.67409, 0.85523, -3.63201
1.1054, 3.56364, 1.45621, 3.52156, 1.20604, -3.67409, 0.85523, -3.63201
1.1054, 3.56364, 1.45621, 3.52156, 1.20604, -3.67409, 0.85523, -3.63201
1.1054, 3.56364, 1.45621, 3.52156, 1.20604, -3.67409, 0.85523, -3.63201
1.1054, 3.56364, 1.45621, 3.52156, 1.20604, -3.67409, 0.85523, -3.63201
1.1054, 3.56364, 1.45621, 3.52156, 1.20604, -3.67409, 0.85523, -3.63201
1.1054, 3.56364, 1.45621, 3.52156, 1.20604, -3.67409, 0.85523, -3.63201
1.1054, 3.56364, 1.45621, 3.52156, 1.20604, -3.67409, 0.85523, -3.63201
1.15094, 3.55995, 1.50182, 3.51581, 1.23067, -3.67908, 0.879797, -3.63494
1.15094, 3.55995, 1.50182, 3.51581, 1.23067, -3.67908, 0.879797, -3.63494
1.15094, 3.55995, 1.50182, 3.51581, 1.23067, -3.67908, 0.879797, -3.63494
1.15094, 3.55995, 1.50182, 3.51581, 1.23067, -3.67908, 0.879797, -3.63494
1.15094, 3.55995, 1.50182, 3.51581, 1.23067, -3.67908, 0.879797, -3.63494
1.15094, 3.55995, 1.50182, 3.51581, 1.23067, -3.67908, 0.879797, -3.63494
1.15094, 3.55995, 1.50182, 3.51581, 1.23067, -3.67908, 0.879797, -3.63494
1.15094, 3.55995, 1.50182, 3.51581, 1.23067, -3.67908, 0.879797, -3.63494
1.19691, 3.55602, 1.54786, 3.50978, 1.25489, -3.68426, 0.903944, -3.63802
1.19691, 3.55602, 1.54786, 3.50978, 1.25489, -3.68426, 0.903944, -3.63802
1.19691, 3.55602, 1.54786, 3.50978, 1.25489, -3.68426, 0.903944, -3.63802
1.19691, 3.55602, 1.54786, 3.50978, 1.25489, -3.68426, 0.903944, -3.63802
1.19691, 3.55602, 1.54786, 3.50978, 1.25489, -3.68426, 0.903944, -3.63802
1.19691, 3.55602, 1.54786, 3.50978, 1.25489, -3.68426, 0.903944, -3.63802
1.19691, 3.55602, 1.54786, 3.50978, 1.25489, -3.68426, 0.903944, -3.63802
1.19691, 3.55602, 1.54786, 3.50978, 1.25489, -3.68426, 0.903944, -3.63802
1.24331, 3.55185, 1.59433, 3.50346, 1.27869, -3.68962, 0.92767, -3.64123
1.24331, 3.55185, 1.59433, 3.50346, 1.27869, -3.68962, 0.92767, -3.64123
1.24331, 3.55185, 1.59433, 3.50346, 1.27869, -3.68962, 0.92767, -3.64123
1.24331, 3.55185, 1.59433, 3.50346, 1.27869, -3.68962, 0.92767, -3.64123
1.24331, 3.55185, 1.59433, 3.50346, 1.27869, -3.68962, 0.92767, -3.64123
1.24331, 3.55185, 1.59433, 3.50346, 1.27869, -3.68962, 0.92767, -3.64123
1.24331, 3.55185, 1.59433, 3.50346, 1.27869, -3.68962, 0.92767, -3.64123
1.24331, 3.55185, 1.59433, 3.50346, 1.27869, -3.68962, 0.92767, -3.64123
1.29014, 3.54743, 1.64124, 3.49685, 1.30207, -3.69516, 0.950975, -3.64458
1.29014, 3.54743, 1.64124, 3.49685, 1.30207, -3.69516, 0.950975, -3.64458
1.29014, 3.54743, 1.64124, 3.49685, 1.30207, -3.69516, 0.950975, -3.64458
1.29014, 3.54743, 1.64124, 3.49685, 1.30207, -3.69516, 0.950975, -3.64458
1.29014, 3.54743, 1.64124, 3.49685, 1.30207, -3.69516, 0.950975, -3.64458
1.29014, 3.54743, 1.64124, 3.49685, 1.30207, -3.69516, 0.950975, -3.64458
1.29014, 3.54743, 1.64124, 3.49685, 1.30207, -3.69516, 0.950975, -3.64458
1.29014, 3.54743, 1.64124, 3.49685, 1.30207, -3.69516, 0.950975, -3.64458
1.29014, 3.54743, 1.64124, 3.49685, 1.30207, -3.69516, 0.950975, -3.64458
1.33741, 3.54274, 1.68859, 3.48994, 1.32504, -3.70087, 0.973862, -3.64808
1.33741, 3.54274, 1.68859, 3.48994, 1.32504, -3.70087, 0.973862, -3.64808
1.33741, 3.54274, 1.68859, 3.48994, 1.32504, -3.70087, 0.973862, -3.64808
1.33741, 3.54274, 1.68859, 3.48994, 1.32504, -3.70087, 0.973862, -3.64808
1.33741, 3.54274, 1.68859, 3.48994, 1.32504, -3.70087, 0.973862, -3.64808
1.33741, 3.54274, 1.68859, 3.48994, 1.32504, -3.70087, 0.973862, -3.64808
1.33741, 3.54274, 1.68859, 3.48994, 1.32504, -3.70087, 0.973862, -3.64808
1.33741, 3.54274, 1.68859, 3.48994, 1.32504, -3.70087, 0.973862, -3.64808
1.38511, 3.53779, 1.73636, 3.48274, 1.34759, -3.70676, 0.996329, -3.65171
1.38511, 3.53779, 1.73636, 3.48274, 1.34759, -3.70676, 0.996329, -3.65171
1.38511, 3.53779, 1.73636, 3.48274, 1.34759, -3.70676, 0.996329, -3.65171
1.38511, 3.53779, 1.73636, 3.48274, 1.34759, -3.70676, 0.996329, -3.65171
1.38511, 3.53779, 1.73636, 3.48274, 1.34759, -3.70676, 0.996329, -3.65171
1.38511, 3.53779, 1.73636, 3.48274, 1.34759, -3.70676, 0.996329, -3.65171
1.38511, 3.53779, 1.73636, 3.48274, 1.34759, -3.70676, 0.996329, -3.65171
1.38511, 3.53779, 1.73636, 3.48274, 1.34759, -3.70676, 0.996329, -3.65171
1.38511, 3.53779, 1.73636, 3.48274, 1.34759, -3.70676, 0.996329, -3.65171
1.43324, 3.53256, 1.78457, 3.47524, 1.36971, -3.7128, 1.01838, -3.65548
1.43324, 3.53256, 1.78457, 3.47524, 1.36971, -3.7128, 1.01838, -3.65548
1.43324, 3.53256, 1.78457, 3.47524, 1.36971, -3.7128, 1.01838, -3.65548
1.43324, 3.53256, 1.78457, 3.47524, 1.36971, -3.7128, 1.01838, -3.65548
1.43324, 3.53256, 1.78457, 3.47524, 1.36971, -3.7128, 1.01838, -3.65548
1.43324, 3.53256, 1.78457, 3.47524, 1.36971, -3.7128, 1.01838, -3.65548
1.43324, 3.53256, 1.78457, 3.47524, 1.36971, -3.7128, 1.01838, -3.65548
1.4818, 3.52704, 1.83322, 3.46742, 1.39143, -3.71901, 1.04001, -3.6594
1.4818, 3.52704, 1.83322, 3.46742, 1.39143, -3.71901, 1.04001, -3.6594
1.4818, 3.52704, 1.83322, 3.46742, 1.39143, -3.71901, 1.04001, -3.6594
1.4818, 3.52704, 1.83322, 3.46742, 1.39143, -3.71901, 1.04001, -3.6594
1.4818, 3.52704, 1.83322, 3.46742, 1.39143, -3.71901, 1.04001, -3.6594
1.5308, 3.52123, 1.88229, 3.45929, 1.41272, -3.72538, 1.06123, -3.66345
1.5308, 3.52123, 1.88229, 3.45929, 1.41272, -3.72538, 1.06123, -3.66345
1.5308, 3.52123, 1.88229, 3.45929, 1.41272, -3.72538, 1.06123, -3.66345
1.5308, 3.52123, 1.88229, 3.45929, 1.41272, -3.72538, 1.06123, -3.66345
1.5308, 3.52123, 1.88229, 3.45929, 1.41272, -3.72538, 1.06123, -3.66345
1.58022, 3.51511, 1.93179, 3.45085, 1.43359, -3.7319, 1.08202, -3.66763
1.58022, 3.51511, 1.93179, 3.45085, 1.43359, -3.7319, 1.08202, -3.66763
1.58022, 3.51511, 1.93179, 3.45085, 1.43359, -3.7319, 1.08202, -3.66763
1.58022, 3.51511, 1.93179, 3.45085, 1.43359, -3.7319, 1.08202, -3.66763
1.58022, 3.51511, 1.93179, 3.45085, 1.43359, -3.7319, 1.08202, -3.66763
1.58022, 3.51511, 1.93179, 3.45085, 1.43359, -3.7319, 1.08202, -3.66763
1.63008, 3.50868, 1.98173, 3.44207, 1.45405, -3.73857, 1.10241, -3.67196
1.63008, 3.50868, 1.98173, 3.44207, 1.45405, -3.73857, 1.10241, -3.67196
1.63008, 3.50868, 1.98173, 3.44207, 1.45405, -3.73857, 1.10241, -3.67196
1.63008, 3.50868, 1.98173, 3.44207, 1.45405, -3.73857, 1.10241, -3.67196
1.63008, 3.50868, 1.98173, 3.44207, 1.45405, -3.73857, 1.10241, -3.67196
1.63008, 3.50868, 1.98173, 3.44207, 1.45405, -3.73857, 1.10241, -3.67196
1.63008, 3.50868, 1.98173, 3.44207, 1.45405, -3.73857, 1.10241, -3.67196
1.63008, 3.50868, 1.98173, 3.44207, 1.45405, -3.73857, 1.10241, -3.67196
1.63008, 3.50868, 1.98173, 3.44207, 1.45405, -3.73857, 1.10241, -3.67196
1.68037, 3.50193, 2.03209, 3.43296, 1.47409, -3.74538, 1.12238, -3.67642
1.68037, 3.50193, 2.03209, 3.43296, 1.47409, -3.74538, 1.12238, -3.67642
1.68037, 3.50193, 2.03209, 3.43296, 1.47409, -3.74538, 1.12238, -3.67642
1.68037, 3.50193, 2.03209, 3.43296, 1.47409, -3.74538, 1.12238, -3.67642
1.68037, 3.50193, 2.03209, 3.43296, 1.47409, -3.74538, 1.12238, -3.67642
1.68037, 3.50193, 2.03209, 3.43296, 1.47409, -3.74538, 1.12238, -3.67642
1.68037, 3.50193, 2.03209, 3.43296, 1.47409, -3.74538, 1.12238, -3.67642
1.68037, 3.50193, 2.03209, 3.43296, 1.47409, -3.74538, 1.12238, -3.67642
1.73109, 3.49485, 2.08288, 3.42351, 1.49372, -3.75235, 1.14193, -3.68101
1.73109, 3.49485, 2.08288, 3.42351, 1.49372, -3.75235, 1.14193, -3.68101
1.73109, 3.49485, 2.08288, 3.42351, 1.49372, -3.75235, 1.14193, -3.68101
1.73109, 3.49485, 2.08288, 3.42351, 1.49372, -3.75235, 1.14193, -3.68101
1.73109, 3.49485, 2.08288, 3.42351, 1.49372, -3.75235, 1.14193, -3.68101
1.73109, 3.49485, 2.08288, 3.42351, 1.49372, -3.75235, 1.14193, -3.68101
1.73109, 3.49485, 2.08288, 3.42351, 1.49372, -3.75235, 1.14193, -3.68101
1.73109, 3.49485, 2.08288, 3.42351, 1.49372, -3.75235, 1.14193, -3.68101
1.78224, 3.48742, 2.13409, 3.41371, 1.51293, -3.75945, 1.16108, -3.68573
1.78224, 3.48742, 2.13409, 3.41371, 1.51293, -3.75945, 1.16108, -3.68573
1.78224, 3.48742, 2.13409, 3.41371, 1.51293, -3.75945, 1.16108, -3.68573
1.78224, 3.48742, 2.13409, 3.41371, 1.51293, -3.75945, 1.16108, -3.68573
1.78224, 3.48742, 2.13409, 3.41371, 1.51293, -3.75945, 1.16108, -3.68573
1.78224, 3.48742, 2.13409, 3.41371, 1.51293, -3.75945, 1.16108, -3.68573
1.78224, 3.48742, 2.13409, 3.41371, 1.51293, -3.75945, 1.16108, -3.68573
1.78224, 3.48742, 2.13409, 3.41371, 1.51293, -3.75945, 1.16108, -3.68573
1.78224, 3.48742, 2.13409, 3.41371, 1.51293, -3.75945, 1.16108, -3.68573
1.83379, 3.47966, 2.1857, 3.40355, 1.53175, -3.76669, 1.17984, -3.69058
1.83379, 3.47966, 2.1857, 3.40355, 1.53175, -3.76669, 1.17984, -3.69058
1.83379, 3.47966, 2.1857, 3.40355, 1.53175, -3.76669, 1.17984, -3.69058
1.83379, 3.47966, 2.1857, 3.40355, 1.53175, -3.76669, 1.17984, -3.69058
1.83379, 3.47966, 2.1857, 3.40355, 1.53175, -3.76669, 1.17984, -3.69058
1.83379, 3.47966, 2.1857, 3.40355, 1.53175, -3.76669, 1.17984, -3.69058
1.83379, 3.47966, 2.1857, 3.40355, 1.53175, -3.76669, 1.17984, -3.69058
1.83379, 3.47966, 2.1857, 3.40355, 1.53175, -3.76669, 1.17984, -3.69058
1.8857, 3.47155, 2.23767, 3.39303, 1.55022, -3.77408, 1.19825, -3.69556
1.8857, 3.47155, 2.23767, 3.39303, 1.55022, -3.77408, 1.19825, -3.69556
1.8857, 3.47155, 2.23767, 3.39303, 1.55022, -3.77408, 1.19825, -3.69556
1.8857, 3.47155, 2.23767, 3.39303, 1.55022, -3.77408, 1.19825, -3.69556
1.8857, 3.47155, 2.23767, 3.39303, 1.55022, -3.77408, 1.19825, -3.69556
1.8857, 3.47155, 2.23767, 3.39303, 1.55022, -3.77408, 1.19825, -3.69556
1.8857, 3.47155, 2.23767, 3.39303, 1.55022, -3.77408, 1.19825, -3.69556
1.8857, 3.47155, 2.23767, 3.39303, 1.55022, -3.77408, 1.19825, -3.69556
1.8857, 3.47155, 2.23767, 3.39303, 1.55022, -3.77408, 1.19825, -3.69556
1.93797, 3.46309, 2.29, 3.38214, 1.56834, -3.7816, 1.21632, -3.70066
1.93797, 3.46309, 2.29, 3.38214, 1.56834, -3.7816, 1.21632, -3.70066
1.93797, 3.46309, 2.29, 3.38214, 1.56834, -3.7816, 1.21632, -3.70066
1.93797, 3.46309, 2.29, 3.38214, 1.56834, -3.7816, 1.21632, -3.70066
1.93797, 3.46309, 2.29, 3.38214, 1.56834, -3.7816, 1.21632, -3.70066
1.93797, 3.46309, 2.29, 3.38214, 1.56834, -3.7816, 1.21632, -3.70066
1.93797, 3.46309, 2.29, 3.38214, 1.56834, -3.7816, 1.21632, -3.70066
1.93797, 3.46309, 2.29, 3.38214, 1.56834, -3.7816, 1.21632, -3.70066
1.93797, 3.46309, 2.29, 3.38214, 1.56834, -3.7816, 1.21632, -3.70066
1.93797, 3.46309, 2.29, 3.38214, 1.56834, -3.7816, 1.21632, -3.70066
1.99059, 3.45428, 2.34266, 3.37088, 1.58613, -3.78926, 1.23406, -3.70587
1.99059, 3.45428, 2.34266, 3.37088, 1.58613, -3.78926, 1.23406, -3.70587
1.99059, 3.45428, 2.34266, 3.37088, 1.58613, -3.78926, 1.23406, -3.70587
1.99059, 3.45428, 2.34266, 3.37088, 1.58613, -3.78926, 1.23406, -3.70587
1.99059, 3.45428, 2.34266, 3.37088, 1.58613, -3.78926, 1.23406, -3.70587
1.99059, 3.45428, 2.34266, 3.37088, 1.58613, -3.78926, 1.23406, -3.70587
1.99059, 3.45428, 2.34266, 3.37088, 1.58613, -3.78926, 1.23406, -3.70587
1.99059, 3.45428, 2.34266, 3.37088, 1.58613, -3.78926, 1.23406, -3.70587
1.99059, 3.45428, 2.34266, 3.37088, 1.58613, -3.78926, 1.23406, -3.70587
1.99059, 3.45428, 2.34266, 3.37088, 1.58613, -3.78926, 1.23406, -3.70587
2.04353, 3.44511, 2.39565, 3.35924, 1.6036, -3.79706, 1.25148, -3.71119
2.04353, 3.44511, 2.39565, 3.35924, 1.6036, -3.79706, 1.25148, -3.71119
2.04353, 3.44511, 2.39565, 3.35924, 1.6036, -3.79706, 1.25148, -3.71119
2.04353, 3.44511, 2.39565, 3.35924, 1.6036, -3.79706, 1.25148, -3.71119
2.04353, 3.44511, 2.39565, 3.35924, 1.6036, -3.79706, 1.25148, -3.71119
2.04353, 3.44511, 2.39565, 3.35924, 1.6036, -3.79706, 1.25148, -3.71119
2.04353, 3.44511, 2.39565, 3.35924, 1.6036, -3.79706, 1.25148, -3.71119
2.04353, 3.44511, 2.39565, 3.35924, 1.6036, -3.79706, 1.25148, -3.71119
2.04353, 3.44511, 2.39565, 3.35924, 1.6036, -3.79706, 1.25148, -3.71119
2.04353, 3.44511, 2.39565, 3.35924, 1.6036, -3.79706, 1.25148, -3.71119
2.0968, 3.43558, 2.44896, 3.34722, 1.62075, -3.80499, 1.26859, -3.71663
2.0968, 3.43558, 2.44896, 3.34722, 1.62075, -3.80499, 1.26859, -3.71663
2.0968, 3.43558, 2.44896, 3.34722, 1.62075, -3.80499, 1.26859, -3.71663
2.0968, 3.43558, 2.44896, 3.34722, 1.62075, -3.80499, 1.26859, -3.71663
2.0968, 3.43558, 2.44896, 3.34722, 1.62075, -3.80499, 1.26859, -3.71663
2.0968, 3.43558, 2.44896, 3.34722, 1.62075, -3.80499, 1.26859, -3.71663
2.0968, 3.43558, 2.44896, 3.34722, 1.62075, -3.80499, 1.26859, -3.71663
2.0968, 3.43558, 2.44896, 3.34722, 1.62075, -3.80499, 1.26859, -3.71663
2.0968, 3.43558, 2.44896, 3.34722, 1.62075, -3.80499, 1.26859, -3.71663
2.0968, 3.43558, 2.44896, 3.34722, 1.62075, -3.80499, 1.26859, -3.71663
2.15038, 3.42568, 2.50258, 3.3348, 1.6376, -3.81306, 1.2854, -3.72217
2.15038, 3.42568, 2.50258, 3.3348, 1.6376, -3.81306, 1.2854, -3.72217
2.15038, 3.42568, 2.50258, 3.3348, 1.6376, -3.81306, 1.2854, -3.72217
2.15038, 3.42568, 2.50258, 3.3348, 1.6376, -3.81306, 1.2854, -3.72217
2.15038, 3.42568, 2.50258, 3.3348, 1.6376, -3.81306, 1.2854, -3.72217
2.15038, 3.42568, 2.50258, 3.3348, 1.6376, -3.81306, 1.2854, -3.72217
2.15038, 3.42568, 2.50258, 3.3348, 1.6376, -3.81306, 1.2854, -3.72217
2.15038, 3.42568, 2.50258, 3.3348, 1.6376, -3.81306, 1.2854, -3.72217
2.15038, 3.42568, 2.50258, 3.3348, 1.6376, -3.81306, 1.2854, -3.72217
2.15038, 3.42568, 2.50258, 3.3348, 1.6376, -3.81306, 1.2854, -3.72217
2.15038, 3.42568, 2.50258, 3.3348, 1.6376, -3.81306, 1.2854, -3.72217
2.20428, 3.4154, 2.55651, 3.32197, 1.65413, -3.82125, 1.3019, -3.72782
2.20428, 3.4154, 2.55651, 3.32197, 1.65413, -3.82125, 1.3019, -3.72782
2.20428, 3.4154, 2.55651, 3.32197, 1.65413, -3.82125, 1.3019, -3.72782
2.20428, 3.4154, 2.55651, 3.32197, 1.65413, -3.82125, 1.3019, -3.72782
2.20428, 3.4154, 2.55651, 3.32197, 1.65413, -3.82125, 1.3019, -3.72782
2.20428, 3.4154, 2.55651, 3.32197, 1.65413, -3.82125, 1.3019, -3.72782
2.20428, 3.4154, 2.55651, 3.32197, 1.65413, -3.82125, 1.3019, -3.72782
2.20428, 3.4154, 2.55651, 3.32197, 1.65413, -3.82125, 1.3019, -3.72782
2.20428, 3.4154, 2.55651, 3.32197, 1.65413, -3.82125, 1.3019, -3.72782
2.20428, 3.4154, 2.55651, 3.32197, 1.65413, -3.82125, 1.3019, -3.72782
2.25849, 3.40474, 2.61074, 3.30875, 1.67036, -3.82958, 1.31811, -3.73358
2.25849, 3.40474, 2.61074, 3.30875, 1.67036, -3.82958, 1.31811, -3.73358
2.25849, 3.40474, 2.61074, 3.30875, 1.67036, -3.82958, 1.31811, -3.73358
2.25849, 3.40474, 2.61074, 3.30875, 1.67036, -3.82958, 1.31811, -3.73358
2.25849, 3.40474, 2.61074, 3.30875, 1.67036, -3.82958, 1.31811, -3.73358
2.25849, 3.40474, 2.61074, 3.30875, 1.67036, -3.82958, 1.31811, -3.73358
2.25849, 3.40474, 2.61074, 3.30875, 1.67036, -3.82958, 1.31811, -3.73358
2.25849, 3.40474, 2.61074, 3.30875, 1.67036, -3.82958, 1.31811, -3.73358
2.25849, 3.40474, 2.61074, 3.30875, 1.67036, -3.82958, 1.31811, -3.73358
2.25849, 3.40474, 2.61074, 3.30875, 1.67036, -3.82958, 1.31811, -3.73358
2.31301, 3.3937, 2.66528, 3.2951, 1.68629, -3.83803, 1.33401, -3.73944
2.31301, 3.3937, 2.66528, 3.2951, 1.68629, -3.83803, 1.33401, -3.73944
2.31301, 3.3937, 2.66528, 3.2951, 1.68629, -3.83803, 1.33401, -3.73944
2.31301, 3.3937, 2.66528, 3.2951, 1.68629, -3.83803, 1.33401, -3.73944
2.31301, 3.3937, 2.66528, 3.2951, 1.68629, -3.83803, 1.33401, -3.73944
2.31301, 3.3937, 2.66528, 3.2951, 1.68629, -3.83803, 1.33401, -3.73944
2.31301, 3.3937, 2.66528, 3.2951, 1.68629, -3.83803, 1.33401, -3.73944
2.31301, 3.3937, 2.66528, 3.2951, 1.68629, -3.83803, 1.33401, -3.73944
2.31301, 3.3937, 2.66528, 3.2951, 1.68629, -3.83803, 1.33401, -3.73944
2.31301, 3.3937, 2.66528, 3.2951, 1.68629, -3.83803, 1.33401, -3.73944
2.31301, 3.3937, 2.66528, 3.2951, 1.68629, -3.83803, 1.33401, -3.73944
2.36783, 3.38225, 2.72011, 3.28104, 1.70191, -3.8466, 1.34963, -3.74539
2.36783, 3.38225, 2.72011, 3.28104, 1.70191, -3.8466, 1.34963, -3.74539
2.36783, 3.38225, 2.72011, 3.28104, 1.70191, -3.8466, 1.34963, -3.74539
2.36783, 3.38225, 2.72011, 3.28104, 1.70191, -3.8466, 1.34963, -3.74539
2.36783, 3.38225, 2.72011, 3.28104, 1.70191, -3.8466, 1.34963, -3.74539
2.36783, 3.38225, 2.72011, 3.28104, 1.70191, -3.8466, 1.34963, -3.74539
2.36783, 3.38225, 2.72011, 3.28104, 1.70191, -3.8466, 1.34963, -3.74539
2.36783, 3.38225, 2.72011, 3.28104, 1.70191, -3.8466, 1.34963, -3.74539
2.36783, 3.38225, 2.72011, 3.28104, 1.70191, -3.8466, 1.34963, -3.74539
2.36783, 3.38225, 2.72011, 3.28104, 1.70191, -3.8466, 1.34963, -3.74539
2.42295, 3.3704, 2.77524, 3.26654, 1.71724, -3.8553, 1.36494, -3.75144
2.42295, 3.3704, 2.77524, 3.26654, 1.71724, -3.8553, 1.36494, -3.75144
2.42295, 3.3704, 2.77524, 3.26654, 1.71724, -3.8553, 1.36494, -3.75144
2.42295, 3.3704, 2.77524, 3.26654, 1.71724, -3.8553, 1.36494, -3.75144
2.42295, 3.3704, 2.77524, 3.26654, 1.71724, -3.8553, 1.36494, -3.75144
2.42295, 3.3704, 2.77524, 3.26654, 1.71724, -3.8553, 1.36494, -3.75144
2.42295, 3.3704, 2.77524, 3.26654, 1.71724, -3.8553, 1.36494, -3.75144
2.42295, 3.3704, 2.77524, 3.26654, 1.71724, -3.8553, 1.36494, -3.75144
2.42295, 3.3704, 2.77524, 3.26654, 1.71724, -3.8553, 1.36494, -3.75144
2.42295, 3.3704, 2.77524, 3.26654, 1.71724, -3.8553, 1.36494, -3.75144
2.47837, 3.35813, 2.83066, 3.25161, 1.73227, -3.86411, 1.37997, -3.75759
2.47837, 3.35813, 2.83066, 3.25161, 1.73227, -3.86411, 1.37997, -3.75759
2.47837, 3.35813, 2.83066, 3.25161, 1.73227, -3.86411, 1.37997, -3.75759
2.47837, 3.35813, 2.83066, 3.25161, 1.73227, -3.86411, 1.37997, -3.75759
2.47837, 3.35813, 2.83066, 3.25161, 1.73227, -3.86411, 1.37997, -3.75759
2.47837, 3.35813, 2.83066, 3.25161, 1.73227, -3.86411, 1.37997, -3.75759
2.47837, 3.35813, 2.83066, 3.25161, 1.73227, -3.86411, 1.37997, -3.75759
2.47837, 3.35813, 2.83066, 3.25161, 1.73227, -3.86411, 1.37997, -3.75759
2.47837, 3.35813, 2.83066, 3.25161, 1.73227, -3.86411, 1.37997, -3.75759
2.47837, 3.35813, 2.83066, 3.25161, 1.73227, -3.86411, 1.37997, -3.75759
2.53408, 3.34545, 2.88637, 3.23624, 1.747, -3.87304, 1.39471, -3.76383
2.53408, 3.34545, 2.88637, 3.23624, 1.747, -3.87304, 1.39471, -3.76383
2.53408, 3.34545, 2.88637, 3.23624, 1.747, -3.87304, 1.39471, -3.76383
2.53408, 3.34545, 2.88637, 3.23624, 1.747, -3.87304, 1.39471, -3.76383
2.53408, 3.34545, 2.88637, 3.23624, 1.747, -3.87304, 1.39471, -3.76383
2.53408, 3.34545, 2.88637, 3.23624, 1.747, -3.87304, 1.39471, -3.76383
2.53408, 3.34545, 2.88637, 3.23624, 1.747, -3.87304, 1.39471, -3.76383
2.53408, 3.34545, 2.88637, 3.23624, 1.747, -3.87304, 1.39471, -3.76383
2.53408, 3.34545, 2.88637, 3.23624, 1.747, -3.87304, 1.39471, -3.76383
2.53408, 3.34545, 2.88637, 3.23624, 1.747, -3.87304, 1.39471, -3.76383
2.53408, 3.34545, 2.88637, 3.23624, 1.747, -3.87304, 1.39471, -3.76383
2.5901, 3.33234, 2.94237, 3.22041, 1.76143, -3.88208, 1.40915, -3.77015
2.5901, 3.33234, 2.94237, 3.22041, 1.76143, -3.88208, 1.40915, -3.77015
2.5901, 3.33234, 2.94237, 3.22041, 1.76143, -3.88208, 1.40915, -3.77015
2.5901, 3.33234, 2.94237, 3.22041, 1.76143, -3.88208, 1.40915, -3.77015
2.5901, 3.33234, 2.94237, 3.22041, 1.76143, -3.88208, 1.40915, -3.77015
2.5901, 3.33234, 2.94237, 3.22041, 1.76143, -3.88208, 1.40915, -3.77015
2.5901, 3.33234, 2.94237, 3.22041, 1.76143, -3.88208, 1.40915, -3.77015
2.5901, 3.33234, 2.94237, 3.22041, 1.76143, -3.88208, 1.40915, -3.77015
2.5901, 3.33234, 2.94237, 3.22041, 1.76143, -3.88208, 1.40915, -3.77015
2.5901, 3.33234, 2.94237, 3.22041, 1.76143, -3.88208, 1.40915, -3.77015
2.5901, 3.33234, 2.94237, 3.22041, 1.76143, -3.88208, 1.40915, -3.77015
2.6464, 3.31879, 2.99865, 3.20413, 1.77557, -3.89123, 1.42331, -3.77657
2.6464, 3.31879, 2.99865, 3.20413, 1.77557, -3.89123, 1.42331, -3.77657
2.6464, 3.31879, 2.99865, 3.20413, 1.77557, -3.89123, 1.42331, -3.77657
2.6464, 3.31879, 2.99865, 3.20413, 1.77557, -3.89123, 1.42331, -3.77657
2.6464, 3.31879, 2.99865, 3.20413, 1.77557, -3.89123, 1.42331, -3.77657
2.6464, 3.31879, 2.99865, 3.20413, 1.77557, -3.89123, 1.42331, -3.77657
2.6464, 3.31879, 2.99865, 3.20413, 1.77557, -3.89123, 1.42331, -3.77657
2.6464, 3.31879, 2.99865, 3.20413, 1.77557, -3.89123, 1.42331, -3.77657
2.6464, 3.31879, 2.99865, 3.20413, 1.77557, -3.89123, 1.42331, -3.77657
2.6464, 3.31879, 2.99865, 3.20413, 1.77557, -3.89123, 1.42331, -3.77657
2.6464, 3.31879, 2.99865, 3.20413, 1.77557, -3.89123, 1.42331, -3.77657
2.6464, 3.31879, 2.99865, 3.20413, 1.77557, -3.89123, 1.42331, -3.77657
2.70299, 3.3048, 3.05521, 3.18738, 1.78941, -3.90048, 1.43718, -3.78306
2.70299, 3.3048, 3.05521, 3.18738, 1.78941, -3.90048, 1.43718, -3.78306
2.70299, 3.3048, 3.05521, 3.18738, 1.78941, -3.90048, 1.43718, -3.78306
2.70299, 3.3048, 3.05521, 3.18738, 1.78941, -3.90048, 1.43718, -3.78306
2.70299, 3.3048, 3.05521, 3.18738, 1.78941, -3.90048, 1.43718, -3.78306
2.70299, 3.3048, 3.05521, 3.18738, 1.78941, -3.90048, 1.43718, -3.78306
2.70299, 3.3048, 3.05521, 3.18738, 1.78941, -3.90048, 1.43718, -3.78306
2.70299, 3.3048, 3.05521, 3.18738, 1.78941, -3.90048, 1.43718, -3.78306
2.70299, 3.3048, 3.05521, 3.18738, 1.78941, -3.90048, 1.43718, -3.78306
2.70299, 3.3048, 3.05521, 3.18738, 1.78941, -3.90048, 1.43718, -3.78306
2.70299, 3.3048, 3.05521, 3.18738, 1.78941, -3.90048, 1.43718, -3.78306
2.70299, 3.3048, 3.05521, 3.18738, 1.78941, -3.90048, 1.43718, -3.78306
2.70299, 3.3048, 3.05521, 3.18738, 1.78941, -3.90048, 1.43718, -3.78306
2.75987, 3.29036, 3.11205, 3.17015, 1.80295, -3.90984, 1.45077, -3.78963
2.75987, 3.29036, 3.11205, 3.17015, 1.80295, -3.90984, 1.45077, -3.78963
2.75987, 3.29036, 3.11205, 3.17015, 1.80295, -3.90984, 1.45077, -3.78963
2.75987, 3.29036, 3.11205, 3.17015, 1.80295, -3.90984, 1.45077, -3.78963
2.75987, 3.29036, 3.11205, 3.17015, 1.80295, -3.90984, 1.45077, -3.78963
2.75987, 3.29036, 3.11205, 3.17015, 1.80295, -3.90984, 1.45077, -3.78963
2.75987, 3.29036, 3.11205, 3.17015, 1.80295, -3.90984, 1.45077, -3.78963
2.75987, 3.29036, 3.11205, 3.17015, 1.80295, -3.90984, 1.45077, -3.78963
2.75987, 3.29036, 3.11205, 3.17015, 1.80295, -3.90984, 1.45077, -3.78963
2.75987, 3.29036, 3.11205, 3.17015, 1.80295, -3.90984, 1.45077, -3.78963
2.75987, 3.29036, 3.11205, 3.17015, 1.80295, -3.90984, 1.45077, -3.78963
2.75987, 3.29036, 3.11205, 3.17015, 1.80295, -3.90984, 1.45077, -3.78963
2.75987, 3.29036, 3.11205, 3.17015, 1.80295, -3.90984, 1.45077, -3.78963
2.81703, 3.27545, 3.16917, 3.15245, 1.81621, -3.91929, 1.46407, -3.79629
2.81703, 3.27545, 3.16917, 3.15245, 1.81621, -3.91929, 1.46407, -3.79629
2.81703, 3.27545, 3.16917, 3.15245, 1.81621, -3.91929, 1.46407, -3.79629
2.81703, 3.27545, 3.16917, 3.15245, 1.81621, -3.91929, 1.46407, -3.79629
2.81703, 3.27545, 3.16917, 3.15245, 1.81621, -3.91929, 1.46407, -3.79629
2.81703, 3.27545, 3.16917, 3.15245, 1.81621, -3.91929, 1.46407, -3.79629
2.81703, 3.27545, 3.16917, 3.15245, 1.81621, -3.91929, 1.46407, -3.79629
2.81703, 3.27545, 3.16917, 3.15245, 1.81621, -3.91929, 1.46407, -3.79629
2.81703, 3.27545, 3.16917, 3.15245, 1.81621, -3.91929, 1.46407, -3.79629
2.81703, 3.27545, 3.16917, 3.15245, 1.81621, -3.91929, 1.46407, -3.79629
2.81703, 3.27545, 3.16917, 3.15245, 1.81621, -3.91929, 1.46407, -3.79629
2.81703, 3.27545, 3.16917, 3.15245, 1.81621, -3.91929, 1.46407, -3.79629
2.81703, 3.27545, 3.16917, 3.15245, 1.81621, -3.91929, 1.46407, -3.79629
2.87448, 3.26008, 3.22655, 3.13425, 1.82917, -3.92884, 1.47709, -3.80301
2.87448, 3.26008, 3.22655, 3.13425, 1.82917, -3.92884, 1.47709, -3.80301
2.87448, 3.26008, 3.22655, 3.13425, 1.82917, -3.92884, 1.47709, -3.80301
2.87448, 3.26008, 3.22655, 3.13425, 1.82917, -3.92884, 1.47709, -3.80301
2.87448, 3.26008, 3.22655, 3.13425, 1.82917, -3.92884, 1.47709, -3.80301
2.87448, 3.26008, 3.22655, 3.13425, 1.82917, -3.92884, 1.47709, -3.80301
2.87448, 3.26008, 3.22655, 3.13425, 1.82917, -3.92884, 1.47709, -3.80301
2.87448, 3.26008, 3.22655, 3.13425, 1.82917, -3.92884, 1.47709, -3.80301
2.87448, 3.26008, 3.22655, 3.13425, 1.82917, -3.92884, 1.47709, -3.80301
2.87448, 3.26008, 3.22655, 3.13425, 1.82917, -3.92884, 1.47709, -3.80301
2.87448, 3.26008, 3.22655, 3.13425, 1.82917, -3.92884, 1.47709, -3.80301
2.87448, 3.26008, 3.22655, 3.13425, 1.82917, -3.92884, 1.47709, -3.80301
2.9322, 3.24424, 3.28421, 3.11556, 1.84183, -3.93848, 1.48983, -3.80981
2.9322, 3.24424, 3.28421, 3.11556, 1.84183, -3.93848, 1.48983, -3.80981
2.9322, 3.24424, 3.28421, 3.11556, 1.84183, -3.93848, 1.48983, -3.80981
2.9322, 3.24424, 3.28421, 3.11556, 1.84183, -3.93848, 1.48983, -3.80981
2.9322, 3.24424, 3.28421, 3.11556, 1.84183, -3.93848, 1.48983, -3.80981
2.9322, 3.24424, 3.28421, 3.11556, 1.84183, -3.93848, 1.48983, -3.80981
2.9322, 3.24424, 3.28421, 3.11556, 1.84183, -3.93848, 1.48983, -3.80981
2.9322, 3.24424, 3.28421, 3.11556, 1.84183, -3.93848, 1.48983, -3.80981
2.9322, 3.24424, 3.28421, 3.11556, 1.84183, -3.93848, 1.48983, -3.80981
2.9322, 3.24424, 3.28421, 3.11556, 1.84183, -3.93848, 1.48983, -3.80981
2.9322, 3.24424, 3.28421, 3.11556, 1.84183, -3.93848, 1.48983, -3.80981
2.9322, 3.24424, 3.28421, 3.11556, 1.84183, -3.93848, 1.48983, -3.80981
2.9322, 3.24424, 3.28421, 3.11556, 1.84183, -3.93848, 1.48983, -3.80981
2.9902, 3.22791, 3.34213, 3.09637, 1.85421, -3.94821, 1.50228, -3.81667
2.9902, 3.22791, 3.34213, 3.09637, 1.85421, -3.94821, 1.50228, -3.81667
2.9902, 3.22791, 3.34213, 3.09637, 1.85421, -3.94821, 1.50228, -3.81667
2.9902, 3.22791, 3.34213, 3.09637, 1.85421, -3.94821, 1.50228, -3.81667
2.9902, 3.22791, 3.34213, 3.09637, 1.85421, -3.94821, 1.50228, -3.81667
2.9902, 3.22791, 3.34213, 3.09637, 1.85421, -3.94821, 1.50228, -3.81667
2.9902, 3.22791, 3.34213, 3.09637, 1.85421, -3.94821, 1.50228, -3.81667
2.9902, 3.22791, 3.34213, 3.09637, 1.85421, -3.94821, 1.50228, -3.81667
2.9902, 3.22791, 3.34213, 3.09637, 1.85421, -3.94821, 1.50228, -3.81667
2.9902, 3.22791, 3.34213, 3.09637, 1.85421, -3.94821, 1.50228, -3.81667
2.9902, 3.22791, 3.34213, 3.09637, 1.85421, -3.94821, 1.50228, -3.81667
3.04847, 3.21109, 3.40031, 3.07666, 1.8663, -3.95803, 1.51446, -3.82359
3.04847, 3.21109, 3.40031, 3.07666, 1.8663, -3.95803, 1.51446, -3.82359
3.04847, 3.21109, 3.40031, 3.07666, 1.8663, -3.95803, 1.51446, -3.82359
3.04847, 3.21109, 3.40031, 3.07666, 1.8663, -3.95803, 1.51446, -3.82359
3.04847, 3.21109, 3.40031, 3.07666, 1.8663, -3.95803, 1.51446, -3.82359
3.04847, 3.21109, 3.40031, 3.07666, 1.8663, -3.95803, 1.51446, -3.82359
3.04847, 3.21109, 3.40031, 3.07666, 1.8663, -3.95803, 1.51446, -3.82359
3.04847, 3.21109, 3.40031, 3.07666, 1.8663, -3.95803, 1.51446, -3.82359
3.04847, 3.21109, 3.40031, 3.07666, 1.8663, -3.95803, 1.51446, -3.82359
3.04847, 3.21109, 3.40031, 3.07666, 1.8663, -3.95803, 1.51446, -3.82359
3.04847, 3.21109, 3.40031, 3.07666, 1.8663, -3.95803, 1.51446, -3.82359
3.04847, 3.21109, 3.40031, 3.07666, 1.8663, -3.95803, 1.51446, -3.82359
3.04847, 3.21109, 3.40031, 3.07666, 1.8663, -3.95803, 1.51446, -3.82359
3.04847, 3.21109, 3.40031, 3.07666, 1.8663, -3.95803, 1.51446, -3.82359
3.10701, 3.19378, 3.45875, 3.05643, 1.87809, -3.96792, 1.52636, -3.83058
3.10701, 3.19378, 3.45875, 3.05643, 1.87809, -3.96792, 1.52636, -3.83058
3.10701, 3.19378, 3.45875, 3.05643, 1.87809, -3.96792, 1.52636, -3.83058
3.10701, 3.19378, 3.45875, 3.05643, 1.87809, -3.96792, 1.52636, -3.83058
3.10701, 3.19378, 3.45875, 3.05643, 1.87809, -3.96792, 1.52636, -3.83058
3.10701, 3.19378, 3.45875, 3.05643, 1.87809, -3.96792, 1.52636, -3.83058
3.10701, 3.19378, 3.45875, 3.05643, 1.87809, -3.96792, 1.52636, -3.83058
3.10701, 3.19378, 3.45875, 3.05643, 1.87809, -3.96792, 1.52636, -3.83058
3.10701, 3.19378, 3.45875, 3.05643, 1.87809, -3.96792, 1.52636, -3.83058
3.10701, 3.19378, 3.45875, 3.05643, 1.87809, -3.96792, 1.52636, -3.83058
3.10701, 3.19378, 3.45875, 3.05643, 1.87809, -3.96792, 1.52636, -3.83058
3.10701, 3.19378, 3.45875, 3.05643, 1.87809, -3.96792, 1.52636, -3.83058
3.10701, 3.19378, 3.45875, 3.05643, 1.87809, -3.96792, 1.52636, -3.83058
3.10701, 3.19378, 3.45875, 3.05643, 1.87809, -3.96792, 1.52636, -3.83058
3.16582, 3.17595, 3.51744, 3.03568, 1.8896, -3.97789, 1.53798, -3.83762
3.16582, 3.17595, 3.51744, 3.03568, 1.8896, -3.97789, 1.53798, -3.83762
3.16582, 3.17595, 3.51744, 3.03568, 1.8896, -3.97789, 1.53798, -3.83762
3.16582, 3.17595, 3.51744, 3.03568, 1.8896, -3.97789, 1.53798, -3.83762
3.16582, 3.17595, 3.51744, 3.03568, 1.8896, -3.97789, 1.53798, -3.83762
3.16582, 3.17595, 3.51744, 3.03568, 1.8896, -3.97789, 1.53798, -3.83762
3.16582, 3.17595, 3.51744, 3.03568, 1.8896, -3.97789, 1.53798, -3.83762
3.16582, 3.17595, 3.51744, 3.03568, 1.8896, -3.97789, 1.53798, -3.83762
3.16582, 3.17595, 3.51744, 3.03568, 1.8896, -3.97789, 1.53798, -3.83762
3.16582, 3.17595, 3.51744, 3.03568, 1.8896, -3.97789, 1.53798, -3.83762
3.16582, 3.17595, 3.51744, 3.03568, 1.8896, -3.97789, 1.53798, -3.83762
3.16582, 3.17595, 3.51744, 3.03568, 1.8896, -3.97789, 1.53798, -3.83762
3.16582, 3.17595, 3.51744, 3.03568, 1.8896, -3.97789, 1.53798, -3.83762
3.22489, 3.15761, 3.57638, 3.0144, 1.90082, -3.98792, 1.54933, -3.84471
3.22489, 3.15761, 3.57638, 3.0144, 1.90082, -3.98792, 1.54933, -3.84471
3.22489, 3.15761, 3.57638, 3.0144, 1.90082, -3.98792, 1.54933, -3.84471
3.22489, 3.15761, 3.57638, 3.0144, 1.90082, -3.98792, 1.54933, -3.84471
3.22489, 3.15761, 3.57638, 3.0144, 1.90082, -3.98792, 1.54933, -3.84471
3.22489, 3.15761, 3.57638, 3.0144, 1.90082, -3.98792, 1.54933, -3.84471
3.22489, 3.15761, 3.57638, 3.0144, 1.90082, -3.98792, 1.54933, -3.84471
3.22489, 3.15761, 3.57638, 3.0144, 1.90082, -3.98792, 1.54933, -3.84471
3.22489, 3.15761, 3.57638, 3.0144, 1.90082, -3.98792, 1.54933, -3.84471
3.22489, 3.15761, 3.57638, 3.0144, 1.90082, -3.98792, 1.54933, -3.84471
3.22489, 3.15761, 3.57638, 3.0144, 1.90082, -3.98792, 1.54933, -3.84471
3.22489, 3.15761, 3.57638, 3.0144, 1.90082, -3.98792, 1.54933, -3.84471
3.28422, 3.13875, 3.63557, 2.99257, 1.91175, -3.99803, 1.5604, -3.85185
3.28422, 3.13875, 3.63557, 2.99257, 1.91175, -3.99803, 1.5604, -3.85185
3.28422, 3.13875, 3.63557, 2.99257, 1.91175, -3.99803, 1.5604, -3.85185
3.28422, 3.13875, 3.63557, 2.99257, 1.91175, -3.99803, 1.5604, -3.85185
3.28422, 3.13875, 3.63557, 2.99257, 1.91175, -3.99803, 1.5604, -3.85185
3.28422, 3.13875, 3.63557, 2.99257, 1.91175, -3.99803, 1.5604, -3.85185
3.28422, 3.13875, 3.63557, 2.99257, 1.91175, -3.99803, 1.5604, -3.85185
3.28422, 3.13875, 3.63557, 2.99257, 1.91175, -3.99803, 1.5604, -3.85185
3.28422, 3.13875, 3.63557, 2.99257, 1.91175, -3.99803, 1.5604, -3.85185
3.28422, 3.13875, 3.63557, 2.99257, 1.91175, -3.99803, 1.5604, -3.85185
3.28422, 3.13875, 3.63557, 2.99257, 1.91175, -3.99803, 1.5604, -3.85185
3.28422, 3.13875, 3.63557, 2.99257, 1.91175, -3.99803, 1.5604, -3.85185
3.28422, 3.13875, 3.63557, 2.99257, 1.91175, -3.99803, 1.5604, -3.85185
3.28422, 3.13875, 3.63557, 2.99257, 1.91175, -3.99803, 1.5604, -3.85185
3.3438, 3.11935, 3.695, 2.97019, 1.9224, -4.0082, 1.57121, -3.85904
3.3438, 3.11935, 3.695, 2.97019, 1.9224, -4.0082, 1.57121, -3.85904
3.3438, 3.11935, 3.695, 2.97019, 1.9224, -4.0082, 1.57121, -3.85904
3.3438, 3.11935, 3.695, 2.97019, 1.9224, -4.0082, 1.57121, -3.85904
3.3438, 3.11935, 3.695, 2.97019, 1.9224, -4.0082, 1.57121, -3.85904
3.3438, 3.11935, 3.695, 2.97019, 1.9224, -4.0082, 1.57121, -3.85904
3.3438, 3.11935, 3.695, 2.97019, 1.9224, -4.0082, 1.57121, -3.85904
3.3438, 3.11935, 3.695, 2.97019, 1.9224, -4.0082, 1.57121, -3.85904
3.3438, 3.11935, 3.695, 2.97019, 1.9224, -4.0082, 1.57121, -3.85904
3.3438, 3.11935, 3.695, 2.97019, 1.9224, -4.0082, 1.57121, -3.85904
3.3438, 3.11935, 3.695, 2.97019, 1.9224, -4.0082, 1.57121, -3.85904
3.3438, 3.11935, 3.695, 2.97019, 1.9224, -4.0082, 1.57121, -3.85904
3.3438, 3.11935, 3.695, 2.97019, 1.9224, -4.0082, 1.57121, -3.85904
3.3438, 3.11935, 3.695, 2.97019, 1.9224, -4.0082, 1.57121, -3.85904
3.46372, 3.07893, 3.81456, 2.92376, 1.94284, -4.0287, 1.592, -3.87352
3.46372, 3.07893, 3.81456, 2.92376, 1.94284, -4.0287, 1.592, -3.87352
3.46372, 3.07893, 3.81456, 2.92376, 1.94284, -4.0287, 1.592, -3.87352
3.46372, 3.07893, 3.81456, 2.92376, 1.94284, -4.0287, 1.592, -3.87352
3.46372, 3.07893, 3.81456, 2.92376, 1.94284, -4.0287, 1.592, -3.87352
3.46372, 3.07893, 3.81456, 2.92376, 1.94284, -4.0287, 1.592, -3.87352
3.46372, 3.07893, 3.81456, 2.92376, 1.94284, -4.0287, 1.592, -3.87352
3.46372, 3.07893, 3.81456, 2.92376, 1.94284, -4.0287, 1.592, -3.87352
3.46372, 3.07893, 3.81456, 2.92376, 1.94284, -4.0287, 1.592, -3.87352
3.46372, 3.07893, 3.81456, 2.92376, 1.94284, -4.0287, 1.592, -3.87352
3.46372, 3.07893, 3.81456, 2.92376, 1.94284, -4.0287, 1.592, -3.87352
3.46372, 3.07893, 3.81456, 2.92376, 1.94284, -4.0287, 1.592, -3.87352
3.46372, 3.07893, 3.81456, 2.92376, 1.94284, -4.0287, 1.592, -3.87352
3.46372, 3.07893, 3.81456, 2.92376, 1.94284, -4.0287, 1.592, -3.87352
3.46372, 3.07893, 3.81456, 2.92376, 1.94284, -4.0287, 1.592, -3.87352
3.46372, 3.07893, 3.81456, 2.92376, 1.94284, -4.0287, 1.592, -3.87352
3.46372, 3.07893, 3.81456, 2.92376, 1.94284, -4.0287, 1.592, -3.87352
3.46372, 3.07893, 3.81456, 2.92376, 1.94284, -4.0287, 1.592, -3.87352
3.46372, 3.07893, 3.81456, 2.92376, 1.94284, -4.0287, 1.592, -3.87352
3.46372, 3.07893, 3.81456, 2.92376, 1.94284, -4.0287, 1.592, -3.87352
3.46372, 3.07893, 3.81456, 2.92376, 1.94284, -4.0287, 1.592, -3.87352
3.46372, 3.07893, 3.81456, 2.92376, 1.94284, -4.0287, 1.592, -3.87352
3.46372, 3.07893, 3.81456, 2.92376, 1.94284, -4.0287, 1.592, -3.87352
3.46372, 3.07893, 3.81456, 2.92376, 1.94284, -4.0287, 1.592, -3.87352
3.46372, 3.07893, 3.81456, 2.92376, 1.94284, -4.0287, 1.592, -3.87352
3.46372, 3.07893, 3.81456, 2.92376, 1.94284, -4.0287, 1.592, -3.87352
3.46372, 3.07893, 3.81456, 2.92376, 1.94284, -4.0287, 1.592, -3.87352
3.46372, 3.07893, 3.81456, 2.92376, 1.94284, -4.0287, 1.592, -3.87352
3.46372, 3.07893, 3.81456, 2.92376, 1.94284, -4.0287, 1.592, -3.87352
3.46372, 3.07893, 3.81456, 2.92376, 1.94284, -4.0287, 1.592, -3.87352
3.46372, 3.07893, 3.81456, 2.92376, 1.94284, -4.0287, 1.592, -3.87352
3.52405, 3.05789, 3.87468, 2.89971, 1.95263, -4.03901, 1.602, -3.88082
3.52405, 3.05789, 3.87468, 2.89971, 1.95263, -4.03901, 1.602, -3.88082
3.52405, 3.05789, 3.87468, 2.89971, 1.95263, -4.03901, 1.602, -3.88082
3.52405, 3.05789, 3.87468, 2.89971, 1.95263, -4.03901, 1.602, -3.88082
3.52405, 3.05789, 3.87468, 2.89971, 1.95263, -4.03901, 1.602, -3.88082
3.52405, 3.05789, 3.87468, 2.89971, 1.95263, -4.03901, 1.602, -3.88082
3.52405, 3.05789, 3.87468, 2.89971, 1.95263, -4.03901, 1.602, -3.88082
3.52405, 3.05789, 3.87468, 2.89971, 1.95263, -4.03901, 1.602, -3.88082
3.52405, 3.05789, 3.87468, 2.89971, 1.95263, -4.03901, 1.602, -3.88082
3.52405, 3.05789, 3.87468, 2.89971, 1.95263, -4.03901, 1.602, -3.88082
3.52405, 3.05789, 3.87468, 2.89971, 1.95263, -4.03901, 1.602, -3.88082
3.52405, 3.05789, 3.87468, 2.89971, 1.95263, -4.03901, 1.602, -3.88082
3.52405, 3.05789, 3.87468, 2.89971, 1.95263, -4.03901, 1.602, -3.88082
3.52405, 3.05789, 3.87468, 2.89971, 1.95263, -4.03901, 1.602, -3.88082
3.52405, 3.05789, 3.87468, 2.89971, 1.95263, -4.03901, 1.602, -3.88082
3.52405, 3.05789, 3.87468, 2.89971, 1.95263, -4.03901, 1.602, -3.88082
3.52405, 3.05789, 3.87468, 2.89971, 1.95263, -4.03901, 1.602, -3.88082
3.58461, 3.03629, 3.93502, 2.8751, 1.96214, -4.04933, 1.61173, -3.88814
3.58461, 3.03629, 3.93502, 2.8751, 1.96214, -4.04933, 1.61173, -3.88814
3.58461, 3.03629, 3.93502, 2.8751, 1.96214, -4.04933, 1.61173, -3.88814
3.58461, 3.03629, 3.93502, 2.8751, 1.96214, -4.04933, 1.61173, -3.88814
3.58461, 3.03629, 3.93502, 2.8751, 1.96214, -4.04933, 1.61173, -3.88814
3.58461, 3.03629, 3.93502, 2.8751, 1.96214, -4.04933, 1.61173, -3.88814
3.58461, 3.03629, 3.93502, 2.8751, 1.96214, -4.04933, 1.61173, -3.88814
3.58461, 3.03629, 3.93502, 2.8751, 1.96214, -4.04933, 1.61173, -3.88814
3.58461, 3.03629, 3.93502, 2.8751, 1.96214, -4.04933, 1.61173, -3.88814
3.58461, 3.03629, 3.93502, 2.8751, 1.96214, -4.04933, 1.61173, -3.88814
3.58461, 3.03629, 3.93502, 2.8751, 1.96214, -4.04933, 1.61173, -3.88814
3.58461, 3.03629, 3.93502, 2.8751, 1.96214, -4.04933, 1.61173, -3.88814
3.58461, 3.03629, 3.93502, 2.8751, 1.96214, -4.04933, 1.61173, -3.88814
3.58461, 3.03629, 3.93502, 2.8751, 1.96214, -4.04933, 1.61173, -3.88814
3.58461, 3.03629, 3.93502, 2.8751, 1.96214, -4.04933, 1.61173, -3.88814
3.58461, 3.03629, 3.93502, 2.8751, 1.96214, -4.04933, 1.61173, -3.88814
3.58461, 3.03629, 3.93502, 2.8751, 1.96214, -4.04933, 1.61173, -3.88814
3.64541, 3.01412, 3.99555, 2.84995, 1.97134, -4.05965, 1.6212, -3.89548
3.64541, 3.01412, 3.99555, 2.84995, 1.97134, -4.05965, 1.6212, -3.89548
3.64541, 3.01412, 3.99555, 2.84995, 1.97134, -4.05965, 1.6212, -3.89548
3.64541, 3.01412, 3.99555, 2.84995, 1.97134, -4.05965, 1.6212, -3.89548
3.64541, 3.01412, 3.99555, 2.84995, 1.97134, -4.05965, 1.6212, -3.89548
3.64541, 3.01412, 3.99555, 2.84995, 1.97134, -4.05965, 1.6212, -3.89548
3.64541, 3.01412, 3.99555, 2.84995, 1.97134, -4.05965, 1.6212, -3.89548
3.64541, 3.01412, 3.99555, 2.84995, 1.97134, -4.05965, 1.6212, -3.89548
3.64541, 3.01412, 3.99555, 2.84995, 1.97134, -4.05965, 1.6212, -3.89548
3.64541, 3.01412, 3.99555, 2.84995, 1.97134, -4.05965, 1.6212, -3.89548
3.64541, 3.01412, 3.99555, 2.84995, 1.97134, -4.05965, 1.6212, -3.89548
3.64541, 3.01412, 3.99555, 2.84995, 1.97134, -4.05965, 1.6212, -3.89548
3.64541, 3.01412, 3.99555, 2.84995, 1.97134, -4.05965, 1.6212, -3.89548
3.64541, 3.01412, 3.99555, 2.84995, 1.97134, -4.05965, 1.6212, -3.89548
3.64541, 3.01412, 3.99555, 2.84995, 1.97134, -4.05965, 1.6212, -3.89548
3.64541, 3.01412, 3.99555, 2.84995, 1.97134, -4.05965, 1.6212, -3.89548
3.64541, 3.01412, 3.99555, 2.84995, 1.97134, -4.05965, 1.6212, -3.89548
3.70643, 2.99136, 4.05628, 2.82426, 1.98025, -4.06995, 1.63041, -3.90285
3.70643, 2.99136, 4.05628, 2.82426, 1.98025, -4.06995, 1.63041, -3.90285
3.70643, 2.99136, 4.05628, 2.82426, 1.98025, -4.06995, 1.63041, -3.90285
3.70643, 2.99136, 4.05628, 2.82426, 1.98025, -4.06995, 1.63041, -3.90285
3.70643, 2.99136, 4.05628, 2.82426, 1.98025, -4.06995, 1.63041, -3.90285
3.70643, 2.99136, 4.05628, 2.82426, 1.98025, -4.06995, 1.63041, -3.90285
3.70643, 2.99136, 4.05628, 2.82426, 1.98025, -4.06995, 1.63041, -3.90285
3.70643, 2.99136, 4.05628, 2.82426, 1.98025, -4.06995, 1.63041, -3.90285
3.70643, 2.99136, 4.05628, 2.82426, 1.98025, -4.06995, 1.63041, -3.90285
3.70643, 2.99136, 4.05628, 2.82426, 1.98025, -4.06995, 1.63041, -3.90285
3.70643, 2.99136, 4.05628, 2.82426, 1.98025, -4.06995, 1.63041, -3.90285
3.70643, 2.99136, 4.05628, 2.82426, 1.98025, -4.06995, 1.63041, -3.90285
3.70643, 2.99136, 4.05628, 2.82426, 1.98025, -4.06995, 1.63041, -3.90285
3.70643, 2.99136, 4.05628, 2.82426, 1.98025, -4.06995, 1.63041, -3.90285
3.70643, 2.99136, 4.05628, 2.82426, 1.98025, -4.06995, 1.63041, -3.90285
3.70643, 2.99136, 4.05628, 2.82426, 1.98025, -4.06995, 1.63041, -3.90285
3.70643, 2.99136, 4.05628, 2.82426, 1.98025, -4.06995, 1.63041, -3.90285
3.76768, 2.96802, 4.1172, 2.79802, 1.98887, -4.08022, 1.63935, -3.91022
3.76768, 2.96802, 4.1172, 2.79802, 1.98887, -4.08022, 1.63935, -3.91022
3.76768, 2.96802, 4.1172, 2.79802, 1.98887, -4.08022, 1.63935, -3.91022
3.76768, 2.96802, 4.1172, 2.79802, 1.98887, -4.08022, 1.63935, -3.91022
3.76768, 2.96802, 4.1172, 2.79802, 1.98887, -4.08022, 1.63935, -3.91022
3.76768, 2.96802, 4.1172, 2.79802, 1.98887, -4.08022, 1.63935, -3.91022
3.76768, 2.96802, 4.1172, 2.79802, 1.98887, -4.08022, 1.63935, -3.91022
3.76768, 2.96802, 4.1172, 2.79802, 1.98887, -4.08022, 1.63935, -3.91022
3.76768, 2.96802, 4.1172, 2.79802, 1.98887, -4.08022, 1.63935, -3.91022
3.76768, 2.96802, 4.1172, 2.79802, 1.98887, -4.08022, 1.63935, -3.91022
3.76768, 2.96802, 4.1172, 2.79802, 1.98887, -4.08022, 1.63935, -3.91022
3.76768, 2.96802, 4.1172, 2.79802, 1.98887, -4.08022, 1.63935, -3.91022
3.76768, 2.96802, 4.1172, 2.79802, 1.98887, -4.08022, 1.63935, -3.91022
3.76768, 2.96802, 4.1172, 2.79802, 1.98887, -4.08022, 1.63935, -3.91022
3.76768, 2.96802, 4.1172, 2.79802, 1.98887, -4.08022, 1.63935, -3.91022
3.76768, 2.96802, 4.1172, 2.79802, 1.98887, -4.08022, 1.63935, -3.91022
3.82915, 2.94408, 4.1783, 2.77124, 1.99719, -4.09045, 1.64805, -3.91761
3.82915, 2.94408, 4.1783, 2.77124, 1.99719, -4.09045, 1.64805, -3.91761
3.82915, 2.94408, 4.1783, 2.77124, 1.99719, -4.09045, 1.64805, -3.91761
3.82915, 2.94408, 4.1783, 2.77124, 1.99719, -4.09045, 1.64805, -3.91761
3.82915, 2.94408, 4.1783, 2.77124, 1.99719, -4.09045, 1.64805, -3.91761
3.82915, 2.94408, 4.1783, 2.77124, 1.99719, -4.09045, 1.64805, -3.91761
3.82915, 2.94408, 4.1783, 2.77124, 1.99719, -4.09045, 1.64805, -3.91761
3.82915, 2.94408, 4.1783, 2.77124, 1.99719, -4.09045, 1.64805, -3.91761
3.82915, 2.94408, 4.1783, 2.77124, 1.99719, -4.09045, 1.64805, -3.91761
3.82915, 2.94408, 4.1783, 2.77124, 1.99719, -4.09045, 1.64805, -3.91761
3.82915, 2.94408, 4.1783, 2.77124, 1.99719, -4.09045, 1.64805, -3.91761
3.82915, 2.94408, 4.1783, 2.77124, 1.99719, -4.09045, 1.64805, -3.91761
3.82915, 2.94408, 4.1783, 2.77124, 1.99719, -4.09045, 1.64805, -3.91761
3.82915, 2.94408, 4.1783, 2.77124, 1.99719, -4.09045, 1.64805, -3.91761
3.82915, 2.94408, 4.1783, 2.77124, 1.99719, -4.09045, 1.64805, -3.91761
3.82915, 2.94408, 4.1783, 2.77124, 1.99719, -4.09045, 1.64805, -3.91761
3.89084, 2.91954, 4.23957, 2.7439, 2.00521, -4.10063, 1.65648, -3.925
3.89084, 2.91954, 4.23957, 2.7439, 2.00521, -4.10063, 1.65648, -3.925
3.89084, 2.91954, 4.23957, 2.7439, 2.00521, -4.10063, 1.65648, -3.925
3.89084, 2.91954, 4.23957, 2.7439, 2.00521, -4.10063, 1.65648, -3.925
3.89084, 2.91954, 4.23957, 2.7439, 2.00521, -4.10063, 1.65648, -3.925
3.89084, 2.91954, 4.23957, 2.7439, 2.00521, -4.10063, 1.65648, -3.925
3.89084, 2.91954, 4.23957, 2.7439, 2.00521, -4.10063, 1.65648, -3.925
3.89084, 2.91954, 4.23957, 2.7439, 2.00521, -4.10063, 1.65648, -3.925
3.89084, 2.91954, 4.23957, 2.7439, 2.00521, -4.10063, 1.65648, -3.925
3.89084, 2.91954, 4.23957, 2.7439, 2.00521, -4.10063, 1.65648, -3.925
3.89084, 2.91954, 4.23957, 2.7439, 2.00521, -4.10063, 1.65648, -3.925
3.89084, 2.91954, 4.23957, 2.7439, 2.00521, -4.10063, 1.65648, -3.925
3.89084, 2.91954, 4.23957, 2.7439, 2.00521, -4.10063, 1.65648, -3.925
3.89084, 2.91954, 4.23957, 2.7439, 2.00521, -4.10063, 1.65648, -3.925
3.89084, 2.91954, 4.23957, 2.7439, 2.00521, -4.10063, 1.65648, -3.925
3.89084, 2.91954, 4.23957, 2.7439, 2.00521, -4.10063, 1.65648, -3.925
3.95273, 2.89438, 4.301, 2.71602, 2.01294, -4.11075, 1.66467, -3.93239
3.95273, 2.89438, 4.301, 2.71602, 2.01294, -4.11075, 1.66467, -3.93239
3.95273, 2.89438, 4.301, 2.71602, 2.01294, -4.11075, 1.66467, -3.93239
3.95273, 2.89438, 4.301, 2.71602, 2.01294, -4.11075, 1.66467, -3.93239
3.95273, 2.89438, 4.301, 2.71602, 2.01294, -4.11075, 1.66467, -3.93239
3.95273, 2.89438, 4.301, 2.71602, 2.01294, -4.11075, 1.66467, -3.93239
3.95273, 2.89438, 4.301, 2.71602, 2.01294, -4.11075, 1.66467, -3.93239
3.95273, 2.89438, 4.301, 2.71602, 2.01294, -4.11075, 1.66467, -3.93239
3.95273, 2.89438, 4.301, 2.71602, 2.01294, -4.11075, 1.66467, -3.93239
3.95273, 2.89438, 4.301, 2.71602, 2.01294, -4.11075, 1.66467, -3.93239
3.95273, 2.89438, 4.301, 2.71602, 2.01294, -4.11075, 1.66467, -3.93239
3.95273, 2.89438, 4.301, 2.71602, 2.01294, -4.11075, 1.66467, -3.93239
3.95273, 2.89438, 4.301, 2.71602, 2.01294, -4.11075, 1.66467, -3.93239
3.95273, 2.89438, 4.301, 2.71602, 2.01294, -4.11075, 1.66467, -3.93239
3.95273, 2.89438, 4.301, 2.71602, 2.01294, -4.11075, 1.66467, -3.93239
3.95273, 2.89438, 4.301, 2.71602, 2.01294, -4.11075, 1.66467, -3.93239
3.95273, 2.89438, 4.301, 2.71602, 2.01294, -4.11075, 1.66467, -3.93239
1.17111, 3.40419, 4.36259, 2.68758, 2.02037, -4.1208, -1.17111, -3.40419
1.17111, 3.40419, 4.36259, 2.68758, 2.02037, -4.1208, -1.17111, -3.40419
1.17111, 3.40419, 4.36259, 2.68758, 2.02037, -4.1208, -1.17111, -3.40419
1.17111, 3.40419, 4.36259, 2.68758, 2.02037, -4.1208, -1.17111, -3.40419
1.17111, 3.40419, 4.36259, 2.68758, 2.02037, -4.1208, -1.17111, -3.40419
1.17111, 3.40419, 4.36259, 2.68758, 2.02037, -4.1208, -1.17111, -3.40419
1.17111, 3.40419, 4.36259, 2.68758, 2.02037, -4.1208, -1.17111, -3.40419
1.17111, 3.40419, 4.36259, 2.68758, 2.02037, -4.1208, -1.17111, -3.40419
1.17111, 3.40419, 4.36259, 2.68758, 2.02037, -4.1208, -1.17111, -3.40419
1.17111, 3.40419, 4.36259, 2.68758, 2.02037, -4.1208, -1.17111, -3.40419
1.17111, 3.40419, 4.36259, 2.68758, 2.02037, -4.1208, -1.17111, -3.40419
1.17111, 3.40419, 4.36259, 2.68758, 2.02037, -4.1208, -1.17111, -3.40419
1.17111, 3.40419, 4.36259, 2.68758, 2.02037, -4.1208, -1.17111, -3.40419
1.17111, 3.40419, 4.36259, 2.68758, 2.02037, -4.1208, -1.17111, -3.40419
1.17111, 3.40419, 4.36259, 2.68758, 2.02037, -4.1208, -1.17111, -3.40419
1.17111, 3.40419, 4.36259, 2.68758, 2.02037, -4.1208, -1.17111, -3.40419
1.17111, 3.40419, 4.36259, 2.68758, 2.02037, -4.1208, -1.17111, -3.40419
4.07712, 2.8422, 4.42434, 2.65857, 2.02751, -4.13077, 1.68029, -3.94714
4.07712, 2.8422, 4.42434, 2.65857, 2.02751, -4.13077, 1.68029, -3.94714
4.07712, 2.8422, 4.42434, 2.65857, 2.02751, -4.13077, 1.68029, -3.94714
4.07712, 2.8422, 4.42434, 2.65857, 2.02751, -4.13077, 1.68029, -3.94714
4.07712, 2.8422, 4.42434, 2.65857, 2.02751, -4.13077, 1.68029, -3.94714
4.07712, 2.8422, 4.42434, 2.65857, 2.02751, -4.13077, 1.68029, -3.94714
4.07712, 2.8422, 4.42434, 2.65857, 2.02751, -4.13077, 1.68029, -3.94714
4.07712, 2.8422, 4.42434, 2.65857, 2.02751, -4.13077, 1.68029, -3.94714
4.07712, 2.8422, 4.42434, 2.65857, 2.02751, -4.13077, 1.68029, -3.94714
4.07712, 2.8422, 4.42434, 2.65857, 2.02751, -4.13077, 1.68029, -3.94714
4.07712, 2.8422, 4.42434, 2.65857, 2.02751, -4.13077, 1.68029, -3.94714
4.07712, 2.8422, 4.42434, 2.65857, 2.02751, -4.13077, 1.68029, -3.94714
4.07712, 2.8422, 4.42434, 2.65857, 2.02751, -4.13077, 1.68029, -3.94714
4.07712, 2.8422, 4.42434, 2.65857, 2.02751, -4.13077, 1.68029, -3.94714
4.07712, 2.8422, 4.42434, 2.65857, 2.02751, -4.13077, 1.68029, -3.94714
4.07712, 2.8422, 4.42434, 2.65857, 2.02751, -4.13077, 1.68029, -3.94714
4.07712, 2.8422, 4.42434, 2.65857, 2.02751, -4.13077, 1.68029, -3.94714
4.07712, 2.8422, 4.42434, 2.65857, 2.02751, -4.13077, 1.68029, -3.94714
4.1395, 2.81521, 4.48614, 2.62904, 2.03446, -4.14069, 1.68782, -3.95452
4.1395, 2.81521, 4.48614, 2.62904, 2.03446, -4.14069, 1.68782, -3.95452
4.1395, 2.81521, 4.48614, 2.62904, 2.03446, -4.14069, 1.68782, -3.95452
4.1395, 2.81521, 4.48614, 2.62904, 2.03446, -4.14069, 1.68782, -3.95452
4.1395, 2.81521, 4.48614, 2.62904, 2.03446, -4.14069, 1.68782, -3.95452
4.1395, 2.81521, 4.48614, 2.62904, 2.03446, -4.14069, 1.68782, -3.95452
4.1395, 2.81521, 4.48614, 2.62904, 2.03446, -4.14069, 1.68782, -3.95452
4.1395, 2.81521, 4.48614, 2.62904, 2.03446, -4.14069, 1.68782, -3.95452
4.1395, 2.81521, 4.48614, 2.62904, 2.03446, -4.14069, 1.68782, -3.95452
4.1395, 2.81521, 4.48614, 2.62904, 2.03446, -4.14069, 1.68782, -3.95452
4.1395, 2.81521, 4.48614, 2.62904, 2.03446, -4.14069, 1.68782, -3.95452
4.1395, 2.81521, 4.48614, 2.62904, 2.03446, -4.14069, 1.68782, -3.95452
4.1395, 2.81521, 4.48614, 2.62904, 2.03446, -4.14069, 1.68782, -3.95452
4.1395, 2.81521, 4.48614, 2.62904, 2.03446, -4.14069, 1.68782, -3.95452
4.1395, 2.81521, 4.48614, 2.62904, 2.03446, -4.14069, 1.68782, -3.95452
4.1395, 2.81521, 4.48614, 2.62904, 2.03446, -4.14069, 1.68782, -3.95452
4.1395, 2.81521, 4.48614, 2.62904, 2.03446, -4.14069, 1.68782, -3.95452
4.2019, 2.78767, 4.54792, 2.599, 2.04126, -4.15057, 1.69525, -3.9619
4.2019, 2.78767, 4.54792, 2.599, 2.04126, -4.15057, 1.69525, -3.9619
4.2019, 2.78767, 4.54792, 2.599, 2.04126, -4.15057, 1.69525, -3.9619
4.2019, 2.78767, 4.54792, 2.599, 2.04126, -4.15057, 1.69525, -3.9619
4.2019, 2.78767, 4.54792, 2.599, 2.04126, -4.15057, 1.69525, -3.9619
4.2019, 2.78767, 4.54792, 2.599, 2.04126, -4.15057, 1.69525, -3.9619
4.2019, 2.78767, 4.54792, 2.599, 2.04126, -4.15057, 1.69525, -3.9619
4.2019, 2.78767, 4.54792, 2.599, 2.04126, -4.15057, 1.69525, -3.9619
4.2019, 2.78767, 4.54792, 2.599, 2.04126, -4.15057, 1.69525, -3.9619
4.2019, 2.78767, 4.54792, 2.599, 2.04126, -4.15057, 1.69525, -3.9619
4.2019, 2.78767, 4.54792, 2.599, 2.04126, -4.15057, 1.69525, -3.9619
4.2019, 2.78767, 4.54792, 2.599, 2.04126, -4.15057, 1.69525, -3.9619
4.2019, 2.78767, 4.54792, 2.599, 2.04126, -4.15057, 1.69525, -3.9619
4.2019, 2.78767, 4.54792, 2.599, 2.04126, -4.15057, 1.69525, -3.9619
4.2019, 2.78767, 4.54792, 2.599, 2.04126, -4.15057, 1.69525, -3.9619
4.2019, 2.78767, 4.54792, 2.599, 2.04126, -4.15057, 1.69525, -3.9619
4.26427, 2.7596, 4.60963, 2.56846, 2.04799, -4.16043, 1.70263, -3.96929
4.26427, 2.7596, 4.60963, 2.56846, 2.04799, -4.16043, 1.70263, -3.96929
4.26427, 2.7596, 4.60963, 2.56846, 2.04799, -4.16043, 1.70263, -3.96929
4.26427, 2.7596, 4.60963, 2.56846, 2.04799, -4.16043, 1.70263, -3.96929
4.26427, 2.7596, 4.60963, 2.56846, 2.04799, -4.16043, 1.70263, -3.96929
4.26427, 2.7596, 4.60963, 2.56846, 2.04799, -4.16043, 1.70263, -3.96929
4.26427, 2.7596, 4.60963, 2.56846, 2.04799, -4.16043, 1.70263, -3.96929
4.26427, 2.7596, 4.60963, 2.56846, 2.04799, -4.16043, 1.70263, -3.96929
4.26427, 2.7596, 4.60963, 2.56846, 2.04799, -4.16043, 1.70263, -3.96929
4.26427, 2.7596, 4.60963, 2.56846, 2.04799, -4.16043, 1.70263, -3.96929
4.26427, 2.7596, 4.60963, 2.56846, 2.04799, -4.16043, 1.70263, -3.96929
4.26427, 2.7596, 4.60963, 2.56846, 2.04799, -4.16043, 1.70263, -3.96929
4.26427, 2.7596, 4.60963, 2.56846, 2.04799, -4.16043, 1.70263, -3.96929
4.26427, 2.7596, 4.60963, 2.56846, 2.04799, -4.16043, 1.70263, -3.96929
4.26427, 2.7596, 4.60963, 2.56846, 2.04799, -4.16043, 1.70263, -3.96929
4.26427, 2.7596, 4.60963, 2.56846, 2.04799, -4.16043, 1.70263, -3.96929
4.26427, 2.7596, 4.60963, 2.56846, 2.04799, -4.16043, 1.70263, -3.96929
4.26427, 2.7596, 4.60963, 2.56846, 2.04799, -4.16043, 1.70263, -3.96929
4.32655, 2.73102, 4.67123, 2.53745, 2.05466, -4.17028, 1.70999, -3.97671
4.32655, 2.73102, 4.67123, 2.53745, 2.05466, -4.17028, 1.70999, -3.97671
4.32655, 2.73102, 4.67123, 2.53745, 2.05466, -4.17028, 1.70999, -3.97671
4.32655, 2.73102, 4.67123, 2.53745, 2.05466, -4.17028, 1.70999, -3.97671
4.32655, 2.73102, 4.67123, 2.53745, 2.05466, -4.17028, 1.70999, -3.97671
4.32655, 2.73102, 4.67123, 2.53745, 2.05466, -4.17028, 1.70999, -3.97671
4.32655, 2.73102, 4.67123, 2.53745, 2.05466, -4.17028, 1.70999, -3.97671
4.32655, 2.73102, 4.67123, 2.53745, 2.05466, -4.17028, 1.70999, -3.97671
4.32655, 2.73102, 4.67123, 2.53745, 2.05466, -4.17028, 1.70999, -3.97671
4.32655, 2.73102, 4.67123, 2.53745, 2.05466, -4.17028, 1.70999, -3.97671
4.32655, 2.73102, 4.67123, 2.53745, 2.05466, -4.17028, 1.70999, -3.97671
4.32655, 2.73102, 4.67123, 2.53745, 2.05466, -4.17028, 1.70999, -3.97671
4.32655, 2.73102, 4.67123, 2.53745, 2.05466, -4.17028, 1.70999, -3.97671
4.32655, 2.73102, 4.67123, 2.53745, 2.05466, -4.17028, 1.70999, -3.97671
4.32655, 2.73102, 4.67123, 2.53745, 2.05466, -4.17028, 1.70999, -3.97671
4.32655, 2.73102, 4.67123, 2.53745, 2.05466, -4.17028, 1.70999, -3.97671
4.32655, 2.73102, 4.67123, 2.53745, 2.05466, -4.17028, 1.70999, -3.97671
4.32655, 2.73102, 4.67123, 2.53745, 2.05466, -4.17028, 1.70999, -3.97671
4.38873, 2.70194, 4.73269, 2.50597, 2.0613, -4.18011, 1.71734, -3.98414
4.38873, 2.70194, 4.73269, 2.50597, 2.0613, -4.18011, 1.71734, -3.98414
4.38873, 2.70194, 4.73269, 2.50597, 2.0613, -4.18011, 1.71734, -3.98414
4.38873, 2.70194, 4.73269, 2.50597, 2.0613, -4.18011, 1.71734, -3.98414
4.38873, 2.70194, 4.73269, 2.50597, 2.0613, -4.18011, 1.71734, -3.98414
4.38873, 2.70194, 4.73269, 2.50597, 2.0613, -4.18011, 1.71734, -3.98414
4.38873, 2.70194, 4.73269, 2.50597, 2.0613, -4.18011, 1.71734, -3.98414
4.38873, 2.70194, 4.73269, 2.50597, 2.0613, -4.18011, 1.71734, -3.98414
4.38873, 2.70194, 4.73269, 2.50597, 2.0613, -4.18011, 1.71734, -3.98414
4.38873, 2.70194, 4.73269, 2.50597, 2.0613, -4.18011, 1.71734, -3.98414
4.38873, 2.70194, 4.73269, 2.50597, 2.0613, -4.18011, 1.71734, -3.98414
4.38873, 2.70194, 4.73269, 2.50597, 2.0613, -4.18011, 1.71734, -3.98414
4.38873, 2.70194, 4.73269, 2.50597, 2.0613, -4.18011, 1.71734, -3.98414
4.38873, 2.70194, 4.73269, 2.50597, 2.0613, -4.18011, 1.71734, -3.98414
4.38873, 2.70194, 4.73269, 2.50597, 2.0613, -4.18011, 1.71734, -3.98414
4.38873, 2.70194, 4.73269, 2.50597, 2.0613, -4.18011, 1.71734, -3.98414
4.38873, 2.70194, 4.73269, 2.50597, 2.0613, -4.18011, 1.71734, -3.98414
4.38873, 2.70194, 4.73269, 2.50597, 2.0613, -4.18011, 1.71734, -3.98414
4.38873, 2.70194, 4.73269, 2.50597, 2.0613, -4.18011, 1.71734, -3.98414
4.45077, 2.67238, 4.79399, 2.47403, 2.06794, -4.18995, 1.72471, -3.9916
4.45077, 2.67238, 4.79399, 2.47403, 2.06794, -4.18995, 1.72471, -3.9916
4.45077, 2.67238, 4.79399, 2.47403, 2.06794, -4.18995, 1.72471, -3.9916
4.45077, 2.67238, 4.79399, 2.47403, 2.06794, -4.18995, 1.72471, -3.9916
4.45077, 2.67238, 4.79399, 2.47403, 2.06794, -4.18995, 1.72471, -3.9916
4.45077, 2.67238, 4.79399, 2.47403, 2.06794, -4.18995, 1.72471, -3.9916
4.45077, 2.67238, 4.79399, 2.47403, 2.06794, -4.18995, 1.72471, -3.9916
4.45077, 2.67238, 4.79399, 2.47403, 2.06794, -4.18995, 1.72471, -3.9916
4.45077, 2.67238, 4.79399, 2.47403, 2.06794, -4.18995, 1.72471, -3.9916
4.45077, 2.67238, 4.79399, 2.47403, 2.06794, -4.18995, 1.72471, -3.9916
4.45077, 2.67238, 4.79399, 2.47403, 2.06794, -4.18995, 1.72471, -3.9916
4.45077, 2.67238, 4.79399, 2.47403, 2.06794, -4.18995, 1.72471, -3.9916
4.45077, 2.67238, 4.79399, 2.47403, 2.06794, -4.18995, 1.72471, -3.9916
4.45077, 2.67238, 4.79399, 2.47403, 2.06794, -4.18995, 1.72471, -3.9916
4.45077, 2.67238, 4.79399, 2.47403, 2.06794, -4.18995, 1.72471, -3.9916
4.45077, 2.67238, 4.79399, 2.47403, 2.06794, -4.18995, 1.72471, -3.9916
4.45077, 2.67238, 4.79399, 2.47403, 2.06794, -4.18995, 1.72471, -3.9916
4.45077, 2.67238, 4.79399, 2.47403, 2.06794, -4.18995, 1.72471, -3.9916
4.51267, 2.64235, 4.85512, 2.44163, 2.07457, -4.19979, 1.73211, -3.99908
4.51267, 2.64235, 4.85512, 2.44163, 2.07457, -4.19979, 1.73211, -3.99908
4.51267, 2.64235, 4.85512, 2.44163, 2.07457, -4.19979, 1.73211, -3.99908
4.51267, 2.64235, 4.85512, 2.44163, 2.07457, -4.19979, 1.73211, -3.99908
4.51267, 2.64235, 4.85512, 2.44163, 2.07457, -4.19979, 1.73211, -3.99908
4.51267, 2.64235, 4.85512, 2.44163, 2.07457, -4.19979, 1.73211, -3.99908
4.51267, 2.64235, 4.85512, 2.44163, 2.07457, -4.19979, 1.73211, -3.99908
4.51267, 2.64235, 4.85512, 2.44163, 2.07457, -4.19979, 1.73211, -3.99908
4.51267, 2.64235, 4.85512, 2.44163, 2.07457, -4.19979, 1.73211, -3.99908
4.51267, 2.64235, 4.85512, 2.44163, 2.07457, -4.19979, 1.73211, -3.99908
4.51267, 2.64235, 4.85512, 2.44163, 2.07457, -4.19979, 1.73211, -3.99908
4.51267, 2.64235, 4.85512, 2.44163, 2.07457, -4.19979, 1.73211, -3.99908
4.51267, 2.64235, 4.85512, 2.44163, 2.07457, -4.19979, 1.73211, -3.99908
4.51267, 2.64235, 4.85512, 2.44163, 2.07457, -4.19979, 1.73211, -3.99908
4.51267, 2.64235, 4.85512, 2.44163, 2.07457, -4.19979, 1.73211, -3.99908
4.51267, 2.64235, 4.85512, 2.44163, 2.07457, -4.19979, 1.73211, -3.99908
4.51267, 2.64235, 4.85512, 2.44163, 2.07457, -4.19979, 1.73211, -3.99908
4.51267, 2.64235, 4.85512, 2.44163, 2.07457, -4.19979, 1.73211, -3.99908
4.51267, 2.64235, 4.85512, 2.44163, 2.07457, -4.19979, 1.73211, -3.99908
4.5744, 2.61185, 4.91606, 2.40879, 2.08121, -4.20964, 1.73954, -4.00658
4.5744, 2.61185, 4.91606, 2.40879, 2.08121, -4.20964, 1.73954, -4.00658
4.5744, 2.61185, 4.91606, 2.40879, 2.08121, -4.20964, 1.73954, -4.00658
4.5744, 2.61185, 4.91606, 2.40879, 2.08121, -4.20964, 1.73954, -4.00658
4.5744, 2.61185, 4.91606, 2.40879, 2.08121, -4.20964, 1.73954, -4.00658
4.5744, 2.61185, 4.91606, 2.40879, 2.08121, -4.20964, 1.73954, -4.00658
4.5744, 2.61185, 4.91606, 2.40879, 2.08121, -4.20964, 1.73954, -4.00658
4.5744, 2.61185, 4.91606, 2.40879, 2.08121, -4.20964, 1.73954, -4.00658
4.5744, 2.61185, 4.91606, 2.40879, 2.08121, -4.20964, 1.73954, -4.00658
4.5744, 2.61185, 4.91606, 2.40879, 2.08121, -4.20964, 1.73954, -4.00658
4.5744, 2.61185, 4.91606, 2.40879, 2.08121, -4.20964, 1.73954, -4.00658
4.5744, 2.61185, 4.91606, 2.40879, 2.08121, -4.20964, 1.73954, -4.00658
4.5744, 2.61185, 4.91606, 2.40879, 2.08121, -4.20964, 1.73954, -4.00658
4.5744, 2.61185, 4.91606, 2.40879, 2.08121, -4.20964, 1.73954, -4.00658
4.5744, 2.61185, 4.91606, 2.40879, 2.08121, -4.20964, 1.73954, -4.00658
4.5744, 2.61185, 4.91606, 2.40879, 2.08121, -4.20964, 1.73954, -4.00658
4.5744, 2.61185, 4.91606, 2.40879, 2.08121, -4.20964, 1.73954, -4.00658
4.5744, 2.61185, 4.91606, 2.40879, 2.08121, -4.20964, 1.73954, -4.00658
4.5744, 2.61185, 4.91606, 2.40879, 2.08121, -4.20964, 1.73954, -4.00658
4.63596, 2.58089, 4.97681, 2.3755, 2.08786, -4.2195, 1.74701, -4.01411
4.63596, 2.58089, 4.97681, 2.3755, 2.08786, -4.2195, 1.74701, -4.01411
4.63596, 2.58089, 4.97681, 2.3755, 2.08786, -4.2195, 1.74701, -4.01411
4.63596, 2.58089, 4.97681, 2.3755, 2.08786, -4.2195, 1.74701, -4.01411
4.63596, 2.58089, 4.97681, 2.3755, 2.08786, -4.2195, 1.74701, -4.01411
4.63596, 2.58089, 4.97681, 2.3755, 2.08786, -4.2195, 1.74701, -4.01411
4.63596, 2.58089, 4.97681, 2.3755, 2.08786, -4.2195, 1.74701, -4.01411
4.63596, 2.58089, 4.97681, 2.3755, 2.08786, -4.2195, 1.74701, -4.01411
4.63596, 2.58089, 4.97681, 2.3755, 2.08786, -4.2195, 1.74701, -4.01411
4.63596, 2.58089, 4.97681, 2.3755, 2.08786, -4.2195, 1.74701, -4.01411
4.63596, 2.58089, 4.97681, 2.3755, 2.08786, -4.2195, 1.74701, -4.01411
4.63596, 2.58089, 4.97681, 2.3755, 2.08786, -4.2195, 1.74701, -4.01411
4.63596, 2.58089, 4.97681, 2.3755, 2.08786, -4.2195, 1.74701, -4.01411
4.63596, 2.58089, 4.97681, 2.3755, 2.08786, -4.2195, 1.74701, -4.01411
4.63596, 2.58089, 4.97681, 2.3755, 2.08786, -4.2195, 1.74701, -4.01411
4.63596, 2.58089, 4.97681, 2.3755, 2.08786, -4.2195, 1.74701, -4.01411
4.63596, 2.58089, 4.97681, 2.3755, 2.08786, -4.2195, 1.74701, -4.01411
4.63596, 2.58089, 4.97681, 2.3755, 2.08786, -4.2195, 1.74701, -4.01411
4.63596, 2.58089, 4.97681, 2.3755, 2.08786, -4.2195, 1.74701, -4.01411
4.63596, 2.58089, 4.97681, 2.3755, 2.08786, -4.2195, 1.74701, -4.01411
4.69734, 2.54947, 5.03735, 2.34178, 2.09453, -4.22936, 1.75452, -4.02167
4.69734, 2.54947, 5.03735, 2.34178, 2.09453, -4.22936, 1.75452, -4.02167
4.69734, 2.54947, 5.03735, 2.34178, 2.09453, -4.22936, 1.75452, -4.02167
4.69734, 2.54947, 5.03735, 2.34178, 2.09453, -4.22936, 1.75452, -4.02167
4.69734, 2.54947, 5.03735, 2.34178, 2.09453, -4.22936, 1.75452, -4.02167
4.69734, 2.54947, 5.03735, 2.34178, 2.09453, -4.22936, 1.75452, -4.02167
4.69734, 2.54947, 5.03735, 2.34178, 2.09453, -4.22936, 1.75452, -4.02167
4.69734, 2.54947, 5.03735, 2.34178, 2.09453, -4.22936, 1.75452, -4.02167
4.69734, 2.54947, 5.03735, 2.34178, 2.09453, -4.22936, 1.75452, -4.02167
4.69734, 2.54947, 5.03735, 2.34178, 2.09453, -4.22936, 1.75452, -4.02167
4.69734, 2.54947, 5.03735, 2.34178, 2.09453, -4.22936, 1.75452, -4.02167
4.69734, 2.54947, 5.03735, 2.34178, 2.09453, -4.22936, 1.75452, -4.02167
4.69734, 2.54947, 5.03735, 2.34178, 2.09453, -4.22936, 1.75452, -4.02167
4.69734, 2.54947, 5.03735, 2.34178, 2.09453, -4.22936, 1.75452, -4.02167
4.69734, 2.54947, 5.03735, 2.34178, 2.09453, -4.22936, 1.75452, -4.02167
4.69734, 2.54947, 5.03735, 2.34178, 2.09453, -4.22936, 1.75452, -4.02167
4.69734, 2.54947, 5.03735, 2.34178, 2.09453, -4.22936, 1.75452, -4.02167
4.69734, 2.54947, 5.03735, 2.34178, 2.09453, -4.22936, 1.75452, -4.02167
4.69734, 2.54947, 5.03735, 2.34178, 2.09453, -4.22936, 1.75452, -4.02167
4.69734, 2.54947, 5.03735, 2.34178, 2.09453, -4.22936, 1.75452, -4.02167
4.69734, 2.54947, 5.03735, 2.34178, 2.09453, -4.22936, 1.75452, -4.02167
4.75852, 2.5176, 5.09767, 2.30762, 2.10122, -4.23923, 1.76207, -4.02925
4.75852, 2.5176, 5.09767, 2.30762, 2.10122, -4.23923, 1.76207, -4.02925
4.75852, 2.5176, 5.09767, 2.30762, 2.10122, -4.23923, 1.76207, -4.02925
4.75852, 2.5176, 5.09767, 2.30762, 2.10122, -4.23923, 1.76207, -4.02925
4.75852, 2.5176, 5.09767, 2.30762, 2.10122, -4.23923, 1.76207, -4.02925
4.75852, 2.5176, 5.09767, 2.30762, 2.10122, -4.23923, 1.76207, -4.02925
4.75852, 2.5176, 5.09767, 2.30762, 2.10122, -4.23923, 1.76207, -4.02925
4.75852, 2.5176, 5.09767, 2.30762, 2.10122, -4.23923, 1.76207, -4.02925
4.75852, 2.5176, 5.09767, 2.30762, 2.10122, -4.23923, 1.76207, -4.02925
4.75852, 2.5176, 5.09767, 2.30762, 2.10122, -4.23923, 1.76207, -4.02925
4.75852, 2.5176, 5.09767, 2.30762, 2.10122, -4.23923, 1.76207, -4.02925
4.75852, 2.5176, 5.09767, 2.30762, 2.10122, -4.23923, 1.76207, -4.02925
4.75852, 2.5176, 5.09767, 2.30762, 2.10122, -4.23923, 1.76207, -4.02925
4.75852, 2.5176, 5.09767, 2.30762, 2.10122, -4.23923, 1.76207, -4.02925
4.75852, 2.5176, 5.09767, 2.30762, 2.10122, -4.23923, 1.76207, -4.02925
4.75852, 2.5176, 5.09767, 2.30762, 2.10122, -4.23923, 1.76207, -4.02925
4.75852, 2.5176, 5.09767, 2.30762, 2.10122, -4.23923, 1.76207, -4.02925
4.75852, 2.5176, 5.09767, 2.30762, 2.10122, -4.23923, 1.76207, -4.02925
4.75852, 2.5176, 5.09767, 2.30762, 2.10122, -4.23923, 1.76207, -4.02925
4.81951, 2.48529, 5.15778, 2.27303, 2.10793, -4.24912, 1.76967, -4.03686
4.81951, 2.48529, 5.15778, 2.27303, 2.10793, -4.24912, 1.76967, -4.03686
4.81951, 2.48529, 5.15778, 2.27303, 2.10793, -4.24912, 1.76967, -4.03686
4.81951, 2.48529, 5.15778, 2.27303, 2.10793, -4.24912, 1.76967, -4.03686
4.81951, 2.48529, 5.15778, 2.27303, 2.10793, -4.24912, 1.76967, -4.03686
4.81951, 2.48529, 5.15778, 2.27303, 2.10793, -4.24912, 1.76967, -4.03686
4.81951, 2.48529, 5.15778, 2.27303, 2.10793, -4.24912, 1.76967, -4.03686
4.81951, 2.48529, 5.15778, 2.27303, 2.10793, -4.24912, 1.76967, -4.03686
4.81951, 2.48529, 5.15778, 2.27303, 2.10793, -4.24912, 1.76967, -4.03686
4.81951, 2.48529, 5.15778, 2.27303, 2.10793, -4.24912, 1.76967, -4.03686
4.81951, 2.48529, 5.15778, 2.27303, 2.10793, -4.24912, 1.76967, -4.03686
4.81951, 2.48529, 5.15778, 2.27303, 2.10793, -4.24912, 1.76967, -4.03686
4.81951, 2.48529, 5.15778, 2.27303, 2.10793, -4.24912, 1.76967, -4.03686
4.81951, 2.48529, 5.15778, 2.27303, 2.10793, -4.24912, 1.76967, -4.03686
4.81951, 2.48529, 5.15778, 2.27303, 2.10793, -4.24912, 1.76967, -4.03686
4.81951, 2.48529, 5.15778, 2.27303, 2.10793, -4.24912, 1.76967, -4.03686
4.81951, 2.48529, 5.15778, 2.27303, 2.10793, -4.24912, 1.76967, -4.03686
4.81951, 2.48529, 5.15778, 2.27303, 2.10793, -4.24912, 1.76967, -4.03686
4.81951, 2.48529, 5.15778, 2.27303, 2.10793, -4.24912, 1.76967, -4.03686
4.81951, 2.48529, 5.15778, 2.27303, 2.10793, -4.24912, 1.76967, -4.03686
4.81951, 2.48529, 5.15778, 2.27303, 2.10793, -4.24912, 1.76967, -4.03686
4.8803, 2.45253, 5.21766, 2.23802, 2.11467, -4.25901, 1.77731, -4.0445
4.8803, 2.45253, 5.21766, 2.23802, 2.11467, -4.25901, 1.77731, -4.0445
4.8803, 2.45253, 5.21766, 2.23802, 2.11467, -4.25901, 1.77731, -4.0445
4.8803, 2.45253, 5.21766, 2.23802, 2.11467, -4.25901, 1.77731, -4.0445
4.8803, 2.45253, 5.21766, 2.23802, 2.11467, -4.25901, 1.77731, -4.0445
4.8803, 2.45253, 5.21766, 2.23802, 2.11467, -4.25901, 1.77731, -4.0445
4.8803, 2.45253, 5.21766, 2.23802, 2.11467, -4.25901, 1.77731, -4.0445
4.8803, 2.45253, 5.21766, 2.23802, 2.11467, -4.25901, 1.77731, -4.0445
4.8803, 2.45253, 5.21766, 2.23802, 2.11467, -4.25901, 1.77731, -4.0445
4.8803, 2.45253, 5.21766, 2.23802, 2.11467, -4.25901, 1.77731, -4.0445
4.8803, 2.45253, 5.21766, 2.23802, 2.11467, -4.25901, 1.77731, -4.0445
4.8803, 2.45253, 5.21766, 2.23802, 2.11467, -4.25901, 1.77731, -4.0445
4.8803, 2.45253, 5.21766, 2.23802, 2.11467, -4.25901, 1.77731, -4.0445
4.8803, 2.45253, 5.21766, 2.23802, 2.11467, -4.25901, 1.77731, -4.0445
4.8803, 2.45253, 5.21766, 2.23802, 2.11467, -4.25901, 1.77731, -4.0445
4.8803, 2.45253, 5.21766, 2.23802, 2.11467, -4.25901, 1.77731, -4.0445
4.8803, 2.45253, 5.21766, 2.23802, 2.11467, -4.25901, 1.77731, -4.0445
4.8803, 2.45253, 5.21766, 2.23802, 2.11467, -4.25901, 1.77731, -4.0445
4.8803, 2.45253, 5.21766, 2.23802, 2.11467, -4.25901, 1.77731, -4.0445
4.8803, 2.45253, 5.21766, 2.23802, 2.11467, -4.25901, 1.77731, -4.0445
4.94089, 2.41934, 5.27731, 2.20259, 2.12142, -4.26892, 1.785, -4.05216
4.94089, 2.41934, 5.27731, 2.20259, 2.12142, -4.26892, 1.785, -4.05216
4.94089, 2.41934, 5.27731, 2.20259, 2.12142, -4.26892, 1.785, -4.05216
4.94089, 2.41934, 5.27731, 2.20259, 2.12142, -4.26892, 1.785, -4.05216
4.94089, 2.41934, 5.27731, 2.20259, 2.12142, -4.26892, 1.785, -4.05216
4.94089, 2.41934, 5.27731, 2.20259, 2.12142, -4.26892, 1.785, -4.05216
4.94089, 2.41934, 5.27731, 2.20259, 2.12142, -4.26892, 1.785, -4.05216
4.94089, 2.41934, 5.27731, 2.20259, 2.12142, -4.26892, 1.785, -4.05216
4.94089, 2.41934, 5.27731, 2.20259, 2.12142, -4.26892, 1.785, -4.05216
4.94089, 2.41934, 5.27731, 2.20259, 2.12142, -4.26892, 1.785, -4.05216
4.94089, 2.41934, 5.27731, 2.20259, 2.12142, -4.26892, 1.785, -4.05216
4.94089, 2.41934, 5.27731, 2.20259, 2.12142, -4.26892, 1.785, -4.05216
4.94089, 2.41934, 5.27731, 2.20259, 2.12142, -4.26892, 1.785, -4.05216
4.94089, 2.41934, 5.27731, 2.20259, 2.12142, -4.26892, 1.785, -4.05216
4.94089, 2.41934, 5.27731, 2.20259, 2.12142, -4.26892, 1.785, -4.05216
4.94089, 2.41934, 5.27731, 2.20259, 2.12142, -4.26892, 1.785, -4.05216
4.94089, 2.41934, 5.27731, 2.20259, 2.12142, -4.26892, 1.785, -4.05216
4.94089, 2.41934, 5.27731, 2.20259, 2.12142, -4.26892, 1.785, -4.05216
4.94089, 2.41934, 5.27731, 2.20259, 2.12142, -4.26892, 1.785, -4.05216
5.00126, 2.38571, 5.33673, 2.16674, 2.12821, -4.27883, 1.79274, -4.05986
5.00126, 2.38571, 5.33673, 2.16674, 2.12821, -4.27883, 1.79274, -4.05986
5.00126, 2.38571, 5.33673, 2.16674, 2.12821, -4.27883, 1.79274, -4.05986
5.00126, 2.38571, 5.33673, 2.16674, 2.12821, -4.27883, 1.79274, -4.05986
5.00126, 2.38571, 5.33673, 2.16674, 2.12821, -4.27883, 1.79274, -4.05986
5.00126, 2.38571, 5.33673, 2.16674, 2.12821, -4.27883, 1.79274, -4.05986
5.00126, 2.38571, 5.33673, 2.16674, 2.12821, -4.27883, 1.79274, -4.05986
5.00126, 2.38571, 5.33673, 2.16674, 2.12821, -4.27883, 1.79274, -4.05986
5.00126, 2.38571, 5.33673, 2.16674, 2.12821, -4.27883, 1.79274, -4.05986
5.00126, 2.38571, 5.33673, 2.16674, 2.12821, -4.27883, 1.79274, -4.05986
5.00126, 2.38571, 5.33673, 2.16674, 2.12821, -4.27883, 1.79274, -4.05986
5.00126, 2.38571, 5.33673, 2.16674, 2.12821, -4.27883, 1.79274, -4.05986
5.00126, 2.38571, 5.33673, 2.16674, 2.12821, -4.27883, 1.79274, -4.05986
5.00126, 2.38571, 5.33673, 2.16674, 2.12821, -4.27883, 1.79274, -4.05986
5.00126, 2.38571, 5.33673, 2.16674, 2.12821, -4.27883, 1.79274, -4.05986
5.00126, 2.38571, 5.33673, 2.16674, 2.12821, -4.27883, 1.79274, -4.05986
5.00126, 2.38571, 5.33673, 2.16674, 2.12821, -4.27883, 1.79274, -4.05986
5.00126, 2.38571, 5.33673, 2.16674, 2.12821, -4.27883, 1.79274, -4.05986
5.00126, 2.38571, 5.33673, 2.16674, 2.12821, -4.27883, 1.79274, -4.05986
5.06141, 2.35165, 5.39591, 2.13047, 2.13501, -4.28876, 1.80051, -4.06758
5.06141, 2.35165, 5.39591, 2.13047, 2.13501, -4.28876, 1.80051, -4.06758
5.06141, 2.35165, 5.39591, 2.13047, 2.13501, -4.28876, 1.80051, -4.06758
5.06141, 2.35165, 5.39591, 2.13047, 2.13501, -4.28876, 1.80051, -4.06758
5.06141, 2.35165, 5.39591, 2.13047, 2.13501, -4.28876, 1.80051, -4.06758
5.06141, 2.35165, 5.39591, 2.13047, 2.13501, -4.28876, 1.80051, -4.06758
5.06141, 2.35165, 5.39591, 2.13047, 2.13501, -4.28876, 1.80051, -4.06758
5.06141, 2.35165, 5.39591, 2.13047, 2.13501, -4.28876, 1.80051, -4.06758
5.06141, 2.35165, 5.39591, 2.13047, 2.13501, -4.28876, 1.80051, -4.06758
5.06141, 2.35165, 5.39591, 2.13047, 2.13501, -4.28876, 1.80051, -4.06758
5.06141, 2.35165, 5.39591, 2.13047, 2.13501, -4.28876, 1.80051, -4.06758
5.06141, 2.35165, 5.39591, 2.13047, 2.13501, -4.28876, 1.80051, -4.06758
5.06141, 2.35165, 5.39591, 2.13047, 2.13501, -4.28876, 1.80051, -4.06758
5.06141, 2.35165, 5.39591, 2.13047, 2.13501, -4.28876, 1.80051, -4.06758
5.06141, 2.35165, 5.39591, 2.13047, 2.13501, -4.28876, 1.80051, -4.06758
5.06141, 2.35165, 5.39591, 2.13047, 2.13501, -4.28876, 1.80051, -4.06758
5.06141, 2.35165, 5.39591, 2.13047, 2.13501, -4.28876, 1.80051, -4.06758
5.12135, 2.31716, 5.45485, 2.09379, 2.14184, -4.2987, 1.80834, -4.07533
5.12135, 2.31716, 5.45485, 2.09379, 2.14184, -4.2987, 1.80834, -4.07533
5.12135, 2.31716, 5.45485, 2.09379, 2.14184, -4.2987, 1.80834, -4.07533
5.12135, 2.31716, 5.45485, 2.09379, 2.14184, -4.2987, 1.80834, -4.07533
5.12135, 2.31716, 5.45485, 2.09379, 2.14184, -4.2987, 1.80834, -4.07533
5.12135, 2.31716, 5.45485, 2.09379, 2.14184, -4.2987, 1.80834, -4.07533
5.12135, 2.31716, 5.45485, 2.09379, 2.14184, -4.2987, 1.80834, -4.07533
5.12135, 2.31716, 5.45485, 2.09379, 2.14184, -4.2987, 1.80834, -4.07533
5.12135, 2.31716, 5.45485, 2.09379, 2.14184, -4.2987, 1.80834, -4.07533
5.12135, 2.31716, 5.45485, 2.09379, 2.14184, -4.2987, 1.80834, -4.07533
5.12135, 2.31716, 5.45485, 2.09379, 2.14184, -4.2987, 1.80834, -4.07533
5.12135, 2.31716, 5.45485, 2.09379, 2.14184, -4.2987, 1.80834, -4.07533
5.12135, 2.31716, 5.45485, 2.09379, 2.14184, -4.2987, 1.80834, -4.07533
5.12135, 2.31716, 5.45485, 2.09379, 2.14184, -4.2987, 1.80834, -4.07533
5.12135, 2.31716, 5.45485, 2.09379, 2.14184, -4.2987, 1.80834, -4.07533
5.12135, 2.31716, 5.45485, 2.09379, 2.14184, -4.2987, 1.80834, -4.07533
5.18106, 2.28225, 5.51354, 2.0567, 2.14869, -4.30865, 1.81621, -4.08311
5.18106, 2.28225, 5.51354, 2.0567, 2.14869, -4.30865, 1.81621, -4.08311
5.18106, 2.28225, 5.51354, 2.0567, 2.14869, -4.30865, 1.81621, -4.08311
5.18106, 2.28225, 5.51354, 2.0567, 2.14869, -4.30865, 1.81621, -4.08311
5.18106, 2.28225, 5.51354, 2.0567, 2.14869, -4.30865, 1.81621, -4.08311
5.18106, 2.28225, 5.51354, 2.0567, 2.14869, -4.30865, 1.81621, -4.08311
5.18106, 2.28225, 5.51354, 2.0567, 2.14869, -4.30865, 1.81621, -4.08311
5.18106, 2.28225, 5.51354, 2.0567, 2.14869, -4.30865, 1.81621, -4.08311
5.18106, 2.28225, 5.51354, 2.0567, 2.14869, -4.30865, 1.81621, -4.08311
5.18106, 2.28225, 5.51354, 2.0567, 2.14869, -4.30865, 1.81621, -4.08311
5.18106, 2.28225, 5.51354, 2.0567, 2.14869, -4.30865, 1.81621, -4.08311
5.18106, 2.28225, 5.51354, 2.0567, 2.14869, -4.30865, 1.81621, -4.08311
5.18106, 2.28225, 5.51354, 2.0567, 2.14869, -4.30865, 1.81621, -4.08311
5.18106, 2.28225, 5.51354, 2.0567, 2.14869, -4.30865, 1.81621, -4.08311
5.18106, 2.28225, 5.51354, 2.0567, 2.14869, -4.30865, 1.81621, -4.08311
5.18106, 2.28225, 5.51354, 2.0567, 2.14869, -4.30865, 1.81621, -4.08311
5.24055, 2.24691, 5.57198, 2.01921, 2.15556, -4.31861, 1.82412, -4.09091
5.24055, 2.24691, 5.57198, 2.01921, 2.15556, -4.31861, 1.82412, -4.09091
5.24055, 2.24691, 5.57198, 2.01921, 2.15556, -4.31861, 1.82412, -4.09091
5.24055, 2.24691, 5.57198, 2.01921, 2.15556, -4.31861, 1.82412, -4.09091
5.24055, 2.24691, 5.57198, 2.01921, 2.15556, -4.31861, 1.82412, -4.09091
5.24055, 2.24691, 5.57198, 2.01921, 2.15556, -4.31861, 1.82412, -4.09091
5.24055, 2.24691, 5.57198, 2.01921, 2.15556, -4.31861, 1.82412, -4.09091
5.24055, 2.24691, 5.57198, 2.01921, 2.15556, -4.31861, 1.82412, -4.09091
5.24055, 2.24691, 5.57198, 2.01921, 2.15556, -4.31861, 1.82412, -4.09091
5.24055, 2.24691, 5.57198, 2.01921, 2.15556, -4.31861, 1.82412, -4.09091
5.24055, 2.24691, 5.57198, 2.01921, 2.15556, -4.31861, 1.82412, -4.09091
5.24055, 2.24691, 5.57198, 2.01921, 2.15556, -4.31861, 1.82412, -4.09091
5.2998, 2.21116, 5.63018, 1.98132, 2.16245, -4.32859, 1.83208, -4.09874
5.2998, 2.21116, 5.63018, 1.98132, 2.16245, -4.32859, 1.83208, -4.09874
5.2998, 2.21116, 5.63018, 1.98132, 2.16245, -4.32859, 1.83208, -4.09874
5.2998, 2.21116, 5.63018, 1.98132, 2.16245, -4.32859, 1.83208, -4.09874
5.2998, 2.21116, 5.63018, 1.98132, 2.16245, -4.32859, 1.83208, -4.09874
5.2998, 2.21116, 5.63018, 1.98132, 2.16245, -4.32859, 1.83208, -4.09874
5.2998, 2.21116, 5.63018, 1.98132, 2.16245, -4.32859, 1.83208, -4.09874
5.2998, 2.21116, 5.63018, 1.98132, 2.16245, -4.32859, 1.83208, -4.09874
5.2998, 2.21116, 5.63018, 1.98132, 2.16245, -4.32859, 1.83208, -4.09874
5.2998, 2.21116, 5.63018, 1.98132, 2.16245, -4.32859, 1.83208, -4.09874
5.2998, 2.21116, 5.63018, 1.98132, 2.16245, -4.32859, 1.83208, -4.09874
5.2998, 2.21116, 5.63018, 1.98132, 2.16245, -4.32859, 1.83208, -4.09874
5.2998, 2.21116, 5.63018, 1.98132, 2.16245, -4.32859, 1.83208, -4.09874
5.2998, 2.21116, 5.63018, 1.98132, 2.16245, -4.32859, 1.83208, -4.09874
5.35882, 2.17499, 5.68811, 1.94302, 2.16937, -4.33857, 1.84008, -4.1066
5.35882, 2.17499, 5.68811, 1.94302, 2.16937, -4.33857, 1.84008, -4.1066
5.35882, 2.17499, 5.68811, 1.94302, 2.16937, -4.33857, 1.84008, -4.1066
5.35882, 2.17499, 5.68811, 1.94302, 2.16937, -4.33857, 1.84008, -4.1066
5.35882, 2.17499, 5.68811, 1.94302, 2.16937, -4.33857, 1.84008, -4.1066
5.35882, 2.17499, 5.68811, 1.94302, 2.16937, -4.33857, 1.84008, -4.1066
5.35882, 2.17499, 5.68811, 1.94302, 2.16937, -4.33857, 1.84008, -4.1066
5.35882, 2.17499, 5.68811, 1.94302, 2.16937, -4.33857, 1.84008, -4.1066
5.35882, 2.17499, 5.68811, 1.94302, 2.16937, -4.33857, 1.84008, -4.1066
5.35882, 2.17499, 5.68811, 1.94302, 2.16937, -4.33857, 1.84008, -4.1066
5.35882, 2.17499, 5.68811, 1.94302, 2.16937, -4.33857, 1.84008, -4.1066
5.35882, 2.17499, 5.68811, 1.94302, 2.16937, -4.33857, 1.84008, -4.1066
5.35882, 2.17499, 5.68811, 1.94302, 2.16937, -4.33857, 1.84008, -4.1066
5.35882, 2.17499, 5.68811, 1.94302, 2.16937, -4.33857, 1.84008, -4.1066
5.35882, 2.17499, 5.68811, 1.94302, 2.16937, -4.33857, 1.84008, -4.1066
5.35882, 2.17499, 5.68811, 1.94302, 2.16937, -4.33857, 1.84008, -4.1066
5.41759, 2.13841, 5.74578, 1.90434, 2.1763, -4.34857, 1.84811, -4.11449
5.41759, 2.13841, 5.74578, 1.90434, 2.1763, -4.34857, 1.84811, -4.11449
5.41759, 2.13841, 5.74578, 1.90434, 2.1763, -4.34857, 1.84811, -4.11449
5.41759, 2.13841, 5.74578, 1.90434, 2.1763, -4.34857, 1.84811, -4.11449
5.41759, 2.13841, 5.74578, 1.90434, 2.1763, -4.34857, 1.84811, -4.11449
5.41759, 2.13841, 5.74578, 1.90434, 2.1763, -4.34857, 1.84811, -4.11449
5.41759, 2.13841, 5.74578, 1.90434, 2.1763, -4.34857, 1.84811, -4.11449
5.41759, 2.13841, 5.74578, 1.90434, 2.1763, -4.34857, 1.84811, -4.11449
5.41759, 2.13841, 5.74578, 1.90434, 2.1763, -4.34857, 1.84811, -4.11449
5.41759, 2.13841, 5.74578, 1.90434, 2.1763, -4.34857, 1.84811, -4.11449
5.41759, 2.13841, 5.74578, 1.90434, 2.1763, -4.34857, 1.84811, -4.11449
5.41759, 2.13841, 5.74578, 1.90434, 2.1763, -4.34857, 1.84811, -4.11449
5.41759, 2.13841, 5.74578, 1.90434, 2.1763, -4.34857, 1.84811, -4.11449
5.41759, 2.13841, 5.74578, 1.90434, 2.1763, -4.34857, 1.84811, -4.11449
5.41759, 2.13841, 5.74578, 1.90434, 2.1763, -4.34857, 1.84811, -4.11449
5.41759, 2.13841, 5.74578, 1.90434, 2.1763, -4.34857, 1.84811, -4.11449
5.47613, 2.10142, 5.80319, 1.86526, 2.18326, -4.35857, 1.85619, -4.12241
5.47613, 2.10142, 5.80319, 1.86526, 2.18326, -4.35857, 1.85619, -4.12241
5.47613, 2.10142, 5.80319, 1.86526, 2.18326, -4.35857, 1.85619, -4.12241
5.47613, 2.10142, 5.80319, 1.86526, 2.18326, -4.35857, 1.85619, -4.12241
5.47613, 2.10142, 5.80319, 1.86526, 2.18326, -4.35857, 1.85619, -4.12241
5.47613, 2.10142, 5.80319, 1.86526, 2.18326, -4.35857, 1.85619, -4.12241
5.47613, 2.10142, 5.80319, 1.86526, 2.18326, -4.35857, 1.85619, -4.12241
5.47613, 2.10142, 5.80319, 1.86526, 2.18326, -4.35857, 1.85619, -4.12241
5.47613, 2.10142, 5.80319, 1.86526, 2.18326, -4.35857, 1.85619, -4.12241
5.47613, 2.10142, 5.80319, 1.86526, 2.18326, -4.35857, 1.85619, -4.12241
5.47613, 2.10142, 5.80319, 1.86526, 2.18326, -4.35857, 1.85619, -4.12241
5.47613, 2.10142, 5.80319, 1.86526, 2.18326, -4.35857, 1.85619, -4.12241
5.47613, 2.10142, 5.80319, 1.86526, 2.18326, -4.35857, 1.85619, -4.12241
5.47613, 2.10142, 5.80319, 1.86526, 2.18326, -4.35857, 1.85619, -4.12241
5.47613, 2.10142, 5.80319, 1.86526, 2.18326, -4.35857, 1.85619, -4.12241
5.47613, 2.10142, 5.80319, 1.86526, 2.18326, -4.35857, 1.85619, -4.12241
5.47613, 2.10142, 5.80319, 1.86526, 2.18326, -4.35857, 1.85619, -4.12241
5.53442, 2.06403, 5.86034, 1.82579, 2.19023, -4.36859, 1.86431, -4.13035
5.53442, 2.06403, 5.86034, 1.82579, 2.19023, -4.36859, 1.86431, -4.13035
5.53442, 2.06403, 5.86034, 1.82579, 2.19023, -4.36859, 1.86431, -4.13035
5.53442, 2.06403, 5.86034, 1.82579, 2.19023, -4.36859, 1.86431, -4.13035
5.53442, 2.06403, 5.86034, 1.82579, 2.19023, -4.36859, 1.86431, -4.13035
5.53442, 2.06403, 5.86034, 1.82579, 2.19023, -4.36859, 1.86431, -4.13035
5.53442, 2.06403, 5.86034, 1.82579, 2.19023, -4.36859, 1.86431, -4.13035
5.53442, 2.06403, 5.86034, 1.82579, 2.19023, -4.36859, 1.86431, -4.13035
5.53442, 2.06403, 5.86034, 1.82579, 2.19023, -4.36859, 1.86431, -4.13035
5.53442, 2.06403, 5.86034, 1.82579, 2.19023, -4.36859, 1.86431, -4.13035
5.53442, 2.06403, 5.86034, 1.82579, 2.19023, -4.36859, 1.86431, -4.13035
5.53442, 2.06403, 5.86034, 1.82579, 2.19023, -4.36859, 1.86431, -4.13035
5.53442, 2.06403, 5.86034, 1.82579, 2.19023, -4.36859, 1.86431, -4.13035
5.53442, 2.06403, 5.86034, 1.82579, 2.19023, -4.36859, 1.86431, -4.13035
5.59246, 2.02623, 5.91721, 1.78593, 2.19722, -4.37862, 1.87247, -4.13832
5.59246, 2.02623, 5.91721, 1.78593, 2.19722, -4.37862, 1.87247, -4.13832
5.59246, 2.02623, 5.91721, 1.78593, 2.19722, -4.37862, 1.87247, -4.13832
5.59246, 2.02623, 5.91721, 1.78593, 2.19722, -4.37862, 1.87247, -4.13832
5.59246, 2.02623, 5.91721, 1.78593, 2.19722, -4.37862, 1.87247, -4.13832
5.59246, 2.02623, 5.91721, 1.78593, 2.19722, -4.37862, 1.87247, -4.13832
5.59246, 2.02623, 5.91721, 1.78593, 2.19722, -4.37862, 1.87247, -4.13832
5.59246, 2.02623, 5.91721, 1.78593, 2.19722, -4.37862, 1.87247, -4.13832
5.59246, 2.02623, 5.91721, 1.78593, 2.19722, -4.37862, 1.87247, -4.13832
5.59246, 2.02623, 5.91721, 1.78593, 2.19722, -4.37862, 1.87247, -4.13832
5.59246, 2.02623, 5.91721, 1.78593, 2.19722, -4.37862, 1.87247, -4.13832
5.59246, 2.02623, 5.91721, 1.78593, 2.19722, -4.37862, 1.87247, -4.13832
5.59246, 2.02623, 5.91721, 1.78593, 2.19722, -4.37862, 1.87247, -4.13832
5.59246, 2.02623, 5.91721, 1.78593, 2.19722, -4.37862, 1.87247, -4.13832
5.65025, 1.98803, 5.97381, 1.74569, 2.20423, -4.38866, 1.88067, -4.14632
5.65025, 1.98803, 5.97381, 1.74569, 2.20423, -4.38866, 1.88067, -4.14632
5.65025, 1.98803, 5.97381, 1.74569, 2.20423, -4.38866, 1.88067, -4.14632
5.65025, 1.98803, 5.97381, 1.74569, 2.20423, -4.38866, 1.88067, -4.14632
5.65025, 1.98803, 5.97381, 1.74569, 2.20423, -4.38866, 1.88067, -4.14632
5.65025, 1.98803, 5.97381, 1.74569, 2.20423, -4.38866, 1.88067, -4.14632
5.65025, 1.98803, 5.97381, 1.74569, 2.20423, -4.38866, 1.88067, -4.14632
5.65025, 1.98803, 5.97381, 1.74569, 2.20423, -4.38866, 1.88067, -4.14632
5.65025, 1.98803, 5.97381, 1.74569, 2.20423, -4.38866, 1.88067, -4.14632
5.65025, 1.98803, 5.97381, 1.74569, 2.20423, -4.38866, 1.88067, -4.14632
5.65025, 1.98803, 5.97381, 1.74569, 2.20423, -4.38866, 1.88067, -4.14632
5.65025, 1.98803, 5.97381, 1.74569, 2.20423, -4.38866, 1.88067, -4.14632
5.65025, 1.98803, 5.97381, 1.74569, 2.20423, -4.38866, 1.88067, -4.14632
5.65025, 1.98803, 5.97381, 1.74569, 2.20423, -4.38866, 1.88067, -4.14632
5.65025, 1.98803, 5.97381, 1.74569, 2.20423, -4.38866, 1.88067, -4.14632
5.65025, 1.98803, 5.97381, 1.74569, 2.20423, -4.38866, 1.88067, -4.14632
5.70778, 1.94944, 6.03013, 1.70508, 2.21126, -4.3987, 1.8889, -4.15435
5.70778, 1.94944, 6.03013, 1.70508, 2.21126, -4.3987, 1.8889, -4.15435
5.70778, 1.94944, 6.03013, 1.70508, 2.21126, -4.3987, 1.8889, -4.15435
5.70778, 1.94944, 6.03013, 1.70508, 2.21126, -4.3987, 1.8889, -4.15435
5.70778, 1.94944, 6.03013, 1.70508, 2.21126, -4.3987, 1.8889, -4.15435
5.70778, 1.94944, 6.03013, 1.70508, 2.21126, -4.3987, 1.8889, -4.15435
5.70778, 1.94944, 6.03013, 1.70508, 2.21126, -4.3987, 1.8889, -4.15435
5.70778, 1.94944, 6.03013, 1.70508, 2.21126, -4.3987, 1.8889, -4.15435
5.70778, 1.94944, 6.03013, 1.70508, 2.21126, -4.3987, 1.8889, -4.15435
5.70778, 1.94944, 6.03013, 1.70508, 2.21126, -4.3987, 1.8889, -4.15435
5.70778, 1.94944, 6.03013, 1.70508, 2.21126, -4.3987, 1.8889, -4.15435
5.70778, 1.94944, 6.03013, 1.70508, 2.21126, -4.3987, 1.8889, -4.15435
5.70778, 1.94944, 6.03013, 1.70508, 2.21126, -4.3987, 1.8889, -4.15435
5.70778, 1.94944, 6.03013, 1.70508, 2.21126, -4.3987, 1.8889, -4.15435
5.70778, 1.94944, 6.03013, 1.70508, 2.21126, -4.3987, 1.8889, -4.15435
5.76505, 1.91045, 6.08618, 1.66409, 2.2183, -4.40876, 1.89718, -4.1624
5.76505, 1.91045, 6.08618, 1.66409, 2.2183, -4.40876, 1.89718, -4.1624
5.76505, 1.91045, 6.08618, 1.66409, 2.2183, -4.40876, 1.89718, -4.1624
5.76505, 1.91045, 6.08618, 1.66409, 2.2183, -4.40876, 1.89718, -4.1624
5.76505, 1.91045, 6.08618, 1.66409, 2.2183, -4.40876, 1.89718, -4.1624
5.76505, 1.91045, 6.08618, 1.66409, 2.2183, -4.40876, 1.89718, -4.1624
5.76505, 1.91045, 6.08618, 1.66409, 2.2183, -4.40876, 1.89718, -4.1624
5.76505, 1.91045, 6.08618, 1.66409, 2.2183, -4.40876, 1.89718, -4.1624
5.76505, 1.91045, 6.08618, 1.66409, 2.2183, -4.40876, 1.89718, -4.1624
5.76505, 1.91045, 6.08618, 1.66409, 2.2183, -4.40876, 1.89718, -4.1624
5.76505, 1.91045, 6.08618, 1.66409, 2.2183, -4.40876, 1.89718, -4.1624
5.76505, 1.91045, 6.08618, 1.66409, 2.2183, -4.40876, 1.89718, -4.1624
5.76505, 1.91045, 6.08618, 1.66409, 2.2183, -4.40876, 1.89718, -4.1624
5.76505, 1.91045, 6.08618, 1.66409, 2.2183, -4.40876, 1.89718, -4.1624
5.76505, 1.91045, 6.08618, 1.66409, 2.2183, -4.40876, 1.89718, -4.1624
